ID,タイトル,公開日,URL
S3#207,第207回 振り返りつつも前に向くのか？スペシャル！,2024月01月16日,https://www.tsujileaks.com/?p=1672
S3#206,第206回 トリプル長爆誕！スペシャル！,2023月12月25日,https://www.tsujileaks.com/?p=1665
S3#205,第205回 我々もまぁまぁスジナシだ！スペシャル！,2023月12月18日,https://www.tsujileaks.com/?p=1659
S3#204,第204回 ギリギリの紹介ラインがあるんだぜ！スペシャル！,2023月12月12日,https://www.tsujileaks.com/?p=1655
S3#203,第203回 呼ばれてへんねん！スペシャル！,2023月12月04日,https://www.tsujileaks.com/?p=1649
S3#202,第202回 アイキャッチの案を大募集だ！スペシャル！,2023月11月27日,https://www.tsujileaks.com/?p=1643
S3#201,第201回 このポッドキャストは58分37秒で聴けます！スペシャル！,2023月11月20日,https://www.tsujileaks.com/?p=1639
S3#200,第200回 これは通過点なんだ！スペシャル！,2023月11月14日,https://www.tsujileaks.com/?p=1635
S3#199,第199回 あと1回！スペシャル！,2023月11月06日,https://www.tsujileaks.com/?p=1626
S3#198,第198回 なんだかんだ泥臭く行くのだ！スペシャル！,2023月10月23日,https://www.tsujileaks.com/?p=1622
S3#197,第197回 夏は終わった！コンビニに明日はない！スペシャル！,2023年10月10日,https://www.tsujileaks.com/?p=1616
S3#196,第196回 あと4回で200回を迎えるぜ！スペシャル！,2023年10月2日,https://www.tsujileaks.com/?p=1610
S3#195,第195回 KEVとOTPとMFA！スペシャル！,2023年9月25日,https://www.tsujileaks.com/?p=1606
S3#194,第194回 アレですよ！アレ！スペシャル！,2023年9月18日,https://www.tsujileaks.com/?p=1600
S3#193,第193回 そろそろ秋を意識していきたい！スペシャル！,2023年9月11日,https://www.tsujileaks.com/?p=1595
S3#192,第192回 合わせ技一本！突撃となりのアノニマスに管理画面を添えて！スペシャル！,2023年9月4日,https://www.tsujileaks.com/?p=1591
S3#191,第191回 偽らない偽りもあるんだぜ！スペシャル！,2023年8月21日,https://www.tsujileaks.com/?p=1587
S3#190,第190回 どこがどう狙われとんねん！？スペシャル！,2023年8月14日,https://www.tsujileaks.com/?p=1582
S3#189,第189回 いきなり急にふと何気なく突然に！スペシャル！,2023年8月7日,https://www.tsujileaks.com/?p=1576
S3#188,第188回 亜種と亜種と亜種！スペシャル！,2023年7月31日,https://www.tsujileaks.com/?p=1569
S3#187,第187回 ！スペシャル！,2023年7月24日,https://www.tsujileaks.com/?p=1565
S3#186,第186回 雲と数字を掴みつつのお金の流れに学ぶ！スペシャル！,2023年7月17日,https://www.tsujileaks.com/?p=1556
S3#185,第185回 タイトル付け忘れることもあるんだぜ！スペシャル！,2023年7月10日,https://www.tsujileaks.com/?p=1550
S3#184,第184回 これでやっとスタートラインなんだの精神で！スペシャル！,2023年7月3日,https://www.tsujileaks.com/?p=1543
S3#183,第183回 いつも聴いてくれてアレがとうざいまスペシャル！,2023年6月26日,https://www.tsujileaks.com/?p=1535
S3#182,第182回 愛のままにわがままにアレはアレだけをアレしない！スペシャル,2023年6月12日,https://www.tsujileaks.com/?p=1530
S3#181,第181回 露出！露出！ででんでんででん！スペシャル,2023年6月5日,https://www.tsujileaks.com/?p=1514
S3#180,第180回 想起させるのが2つと変化の兆しが1つ！スペシャル,2023年5月29日,https://www.tsujileaks.com/?p=1505
S3#179,第179回 続きはどこかのセミナーで！スペシャル,2023年5月15日,https://www.tsujileaks.com/?p=1495
S3#178,第178回 痛快なりゆきポッドキャスト！スペシャル,2023年5月8日,https://www.tsujileaks.com/?p=1492
S3#177,第177回 バラバラ名称！色々チェーン！スペシャル,2023年4月24日,https://www.tsujileaks.com/?p=1486
S3#176,第176回 黒猫 in NY！偽エラーと不正利用の顛末は？スペシャル,2023年4月17日,https://www.tsujileaks.com/?p=1481
S3#175,第175回 そんなマジメで大丈夫か？スペシャル,2023年4月10日,https://www.tsujileaks.com/?p=1474
S3#174,第174回 過去イチ盛り上がったっぽいが理由は分からん！スペシャル,2023年4月3日,https://www.tsujileaks.com/?p=1471
S3#173,第173回 春ですね！足上げたら爆発するで！スペシャル,2023年3月27日,https://www.tsujileaks.com/?p=1461
S3#172,第172回 今日は2人なのか？抜け漏れブレずに分かり易く！スペシャル,2023年3月20日,https://www.tsujileaks.com/?p=1453
S3#171,第171回 でかエモとカバー範囲のアレタイムズ！スペシャル,2023年3月14日,https://www.tsujileaks.com/?p=1448
S3#170,第170回 このアレがブロックされてました！スペシャル,2023年3月6日,https://www.tsujileaks.com/?p=1443
S3#169,第169回 責任の所在の悩ましあらまし！スペシャル,2023年2月20日,https://www.tsujileaks.com/?p=1437
S3#168,第168回 ロマンスカルテ集計！愛に気付いてください！スペシャル,2023年2月14日,https://www.tsujileaks.com/?p=1427
S3#167,第167回 LINEスタンプ3回のリジェクト乗り越え販売開始だ！スペシャル,2023年2月7日,https://www.tsujileaks.com/?p=1420
S3#166,第166回 寝起きと小ネタと変更ログと！スペシャル,2023年1月30日,https://www.tsujileaks.com/?p=1410
S3#165,第165回 忘れた頃にホラホラホラ！スペシャル,2023年1月23日,https://www.tsujileaks.com/?p=1404
S3#164,第164回 空前絶後の色々集計三昧！スペシャル,2023年1月16日,https://www.tsujileaks.com/?p=1400
S3#163,第163回 令和5年！今年がはじまってます！スペシャル,2023年1月9日,https://www.tsujileaks.com/?p=1389
S3#162,第162回 室長はネク長でネク長は室長なのだ！スペシャル,2022年12月26日,https://www.tsujileaks.com/?p=1381
S3#161,第161回 通常回は年内最後だ！スペシャル,2022年12月20日,https://www.tsujileaks.com/?p=1374
S3#160,第160回 ずっと喋るよ！スペシャル,2022年12月12日,https://www.tsujileaks.com/?p=1368
S3#159,第159回 脆弱性マラソン！最後にしたいが、もうちっとだけ続くんじゃ！スペシャル,2022年12月5日,https://www.tsujileaks.com/?p=1364
S3#158,第158回 備えよ常に！OEMでSDK問題にブルルンパンダ！スペシャル,2022年11月28日,https://www.tsujileaks.com/?p=1358
S3#157,第157回 アレ焼き配る会をする日を夢見て！スペシャル,2022年11月22日,https://www.tsujileaks.com/?p=1352
S3#156,第156回 好きなものから食べよう！スペシャル,2022年11月8日,https://www.tsujileaks.com/?p=1347
S3#155,第155回 ダブルソムリエと情報耐性！スペシャル,2022年10月31日,https://www.tsujileaks.com/?p=1342
S3#154,第154回 リクエストにお応えと小ネタ3つと青い出血！スペシャル,2022年10月25日,https://www.tsujileaks.com/?p=1337
S3#153,第153回 帰ってきたから帰ってきたぜ！スペシャル,2022年10月17日,https://www.tsujileaks.com/?p=1330
S3#152,第152回 ソムリエの嗜みと文書管理の重要性！市場？史上？初！！スペシャル,2022年10月3日,https://www.tsujileaks.com/?p=1325
S3#151,第151回 リスト型の影！国家背景のバイトと通知うざうざ詐欺！スペシャル,2022年9月26日,https://www.tsujileaks.com/?p=1321
S3#150,第150回 アレかぶり！皆さんの作業BGMはなんですか？スペシャル,2022年9月19日,https://www.tsujileaks.com/?p=1314
S3#149,第149回 今回も真面目です！スペシャル,2022年9月12日,https://www.tsujileaks.com/?p=1308
S3#148,第148回 共存・共栄・共有！スペシャル,2022年9月6日,https://www.tsujileaks.com/?p=1303
S3#147,第147回 ゲームもやろう！過去比較もしよう！期待しよう！スペシャル,2022年8月29日,https://www.tsujileaks.com/?p=1296
S3#146,第146回 お盆明け！いかがお過ごしでしたか？スペシャル,2022年8月22日,https://www.tsujileaks.com/?p=1287
S3#145,第145回 今日からこのポッドキャストは、TLP:CLEARだ！スペシャル,2022年8月8日,https://www.tsujileaks.com/?p=1276
S3#144,第144回 条例改正とマクロ遮断と全部乗せ漏洩の影響！スペシャル,2022年8月1日,https://www.tsujileaks.com/?p=1271
S3#143,第143回 勝手に中継点！新たなバラマキと止まったランサム！スペシャル,2022年7月25日,https://www.tsujileaks.com/?p=1265
S3#142,第142回 釣りと着火点！スペシャル,2022年7月19日,https://www.tsujileaks.com/?p=1261
S3#141,第141回 壊れるほどMac Mini使ってしもてた！スペシャル,2022年7月11日,https://www.tsujileaks.com/?p=1254
S3#140,第140回 壊れるほど注意喚起しても1/3も伝わらないという気持ちで！スペシャル,2022年7月4日,https://www.tsujileaks.com/?p=1248
S3#139,第139回 スピード梅雨明け！視点論点！スペシャル,2022年6月28日,https://www.tsujileaks.com/?p=1243
S3#138,第138回 あるある募集と謎草プロジェクト始動！スペシャル,2022年6月20日,https://www.tsujileaks.com/?p=1237
S3#137,第137回 KEV大好き！からのパスワードネタ三連発！スペシャル,2022年6月13日,https://www.tsujileaks.com/?p=1232
S3#136,第136回 in 太陽と埃！スペシャル,2022年6月6日,https://www.tsujileaks.com/?p=1226
S3#135,第135回 ただいま！16+3時間寝てしまったぜ！スペシャル,2022年5月31日,https://www.tsujileaks.com/?p=1221
S3#134,第134回 脅威 Inside！驚異 beside！スペシャル,2022年5月23日,https://www.tsujileaks.com/?p=1216
S3#133,第133回 充ちるレポート！アップデートされる小ネタ！交渉の実態！スペシャル,2022年5月16日,https://www.tsujileaks.com/?p=1211
S3#132,第132回 さっきまで五月病！スペシャル,2022年5月9日,https://www.tsujileaks.com/?p=1205
S3#131,第131回 続けることよりも止めないことの大切さ！スペシャル,2022年4月25日,https://www.tsujileaks.com/?p=1201
S3#130,第130回 モヤモヤするからこそ続けたい旅がある！スペシャル,2022年4月18日,https://www.tsujileaks.com/?p=1196
S3#129,第129回 驚異の脅威！風とリークとテイクダウン！スペシャル,2022年4月11日,https://www.tsujileaks.com/?p=1189
S3#128,第128回 そういえば新年度はじまってます！スペシャル,2022年4月4日,https://www.tsujileaks.com/?p=1183
S3#127,第127回 色々で様々な手口にBECらこいた！スペシャル,2022年3月28日,https://www.tsujileaks.com/?p=1178
S3#126,第126回 ツールとレポートとサボタージュ！スペシャル,2022年3月21日,https://www.tsujileaks.com/?p=1169
S3#125,第125回 今回までは、ゆくアレ！スペシャル,2022年3月15日,https://www.tsujileaks.com/?p=1161
S3#124,第124回 おめでとうをありがとう。スペシャル,2022年3月7日,https://www.tsujileaks.com/?p=1156
S3#123,第123回 無意識無想にねじ曲げディスコ！スペシャル,2022年2月21日,https://www.tsujileaks.com/?p=1148
S3#122,第122回 CVSSと認証関係にシャラララ！スペシャル,2022年2月14日,https://www.tsujileaks.com/?p=1137
S3#121,第121回 今回、あなたにとっての珍味はありましたか？スペシャル,2022年2月7日,https://www.tsujileaks.com/?p=1125
S3#120,第120回 DDoSにちょっぴりランサム！国会もあるよ！スペシャル,2022年1月31日,https://www.tsujileaks.com/?p=1120
S3#119,第119回 話すネタに関係なく大体いつも同じ時間になってるな！スペシャル！,2022年1月24日,https://www.tsujileaks.com/?p=1115
S3#118,第118回 見てるぞMix！でやでやでーや！スペシャル！,2022年1月18日,https://www.tsujileaks.com/?p=1111
S3#117,第117回 二度目の新年だ！スペシャル！,2022年1月11日,https://www.tsujileaks.com/?p=1105
S3#116,第116回 室長！不死長！？ネクサス長！スペシャル！,2021年12月27日,https://www.tsujileaks.com/?p=1099
S3#115,第115回 大きな動きの影で！スペシャル！,2021年12月20日,https://www.tsujileaks.com/?p=1094
S3#114,第114回 繋ぐ鎖、断つ鎖！DDoSソムリエとpiyolog4j！スペシャル！,2021年12月13日,https://www.tsujileaks.com/?p=1084
S3#113,第113回 本編より特典のほうが本編に思える感覚ってあるよな！スペシャル！,2021年12月6日,https://www.tsujileaks.com/?p=1077
S3#112,第112回 収録中にコーヒーを零してしまっているのは誰だ！？スペシャル！,2021年11月30日,https://www.tsujileaks.com/?p=1073
S3#111,第111回 持ちつ持たれつ業務拡大の未承諾な奴ら！スペシャル！,2021年11月23日,https://www.tsujileaks.com/?p=1069
S3#110,第110回 おはようからおやすみまで見つめひろげる！スペシャル！,2021年11月15日,https://www.tsujileaks.com/?p=1064
S3#109,第109回 ドイツの通貨は！？スペシャル！,2021年11月8日,https://www.tsujileaks.com/?p=1058
S3#108,第108回 なんと！ぼんのう！ごかっけい！スペシャル！,2021年11月1日,https://www.tsujileaks.com/?p=1050
S3#107,第107回 編集長復帰特番！コードブルーに出たよ！セキュリティのアレのアレ！スペシャル！,2021年10月25日,https://www.tsujileaks.com/?p=1043
S3#106,第106回 令和の時代のセキュリティを考えたかもしれない秋の夜長！スペシャル！,2021年10月11日,https://www.tsujileaks.com/?p=1035
S3#105,第105回 偽サイトに偽情報に偽攻撃者！スペシャル！,2021年10月4日,https://www.tsujileaks.com/?p=1029
S3#104,第104回 ʕ•̫͡•ʕ•̫͡•ʔ•̫͡•ʔ•̫͡•ʕ•̫͡•ʔ•̫͡•ʕ•̫͡•ʕ•̫͡•ʔ•̫͡•ʔ•̫͡•ʕ•̫͡•ʔ•̫͡•ʔ！スペシャル！,2021年9月27日,https://www.tsujileaks.com/?p=1026
S3#103,第103回 緩くブレずにオーマイワッフル！スペシャル！,2021年9月20日,https://www.tsujileaks.com/?p=1021
S3#102,第102回 最後のコインに祈りを込めてヤンバラヤンヤンヤン！スペシャル！,2021年9月13日,https://www.tsujileaks.com/?p=1017
S3#101,第101回 パンっ！茶っ！宿直っ！スペシャル！,2021年9月6日,https://www.tsujileaks.com/?p=1010
S3#100,第100回 目指せ！200回！We Can Do！スペシャル！,2021年8月30日,https://www.tsujileaks.com/?p=1003
S3#99,第99回 アノ超会議からきっかり9年！スペシャル！,2021年8月23日,https://www.tsujileaks.com/?p=999
S3#98,第98回 abcd2.0！OEMにMPD！スペシャル！,2021年8月16日,https://www.tsujileaks.com/?p=993
S3#97,第97回 初Common – 🐤透明性 – 公開鍵認証妨害！スペシャル！,2021年8月2日,https://www.tsujileaks.com/?p=981
S3#96,第96回 広がる話と広がらない話！悪夢が至急でガチ脅迫！スペシャル！,2021年7月26日,https://www.tsujileaks.com/?p=975
S3#95,第95回 [PR]悪魔のテヘペロ攻撃！スペシャル！,2021年7月19日,https://www.tsujileaks.com/?p=972
S3#94,第94回 まさかのネタ被り！互いのネタがいつもと逆！スペシャル！,2021年7月12日,https://www.tsujileaks.com/?p=962
S3#93,第93回 あと7回だ！紛失 x 火山 x 悪夢！スペシャル！,2021年7月6日,https://www.tsujileaks.com/?p=957
S3#92,第92回 100回への道も1回から！スペシャル！,2021年6月21日,https://www.tsujileaks.com/?p=949
S3#91,第91回 100回まであと9回だ！スペシャル！,2021年6月14日,https://www.tsujileaks.com/?p=938
S3#90,第90回 100回が見えてきたぜ！スペシャル！,2021年6月7日,https://www.tsujileaks.com/?p=932
S3#89,第89回 ナイモノネダリの折り合い！押し合いへし合いおしまい！スペシャル！,2021年5月31日,https://www.tsujileaks.com/?p=928
S3#88,第88回 お値段以上のプライスレス！スペシャル！,2021年5月24日,https://www.tsujileaks.com/?p=921
S3#87,第87回 ニューノーマル発ニューノーマル行き！スペシャル！,2021年5月18日,https://www.tsujileaks.com/?p=915
S3#86,第86回 入口は色々！スペシャル！,2021年5月10日,https://www.tsujileaks.com/?p=901
S3#85,第85回 オレたちにゴールデンウィークはないぜ！スペシャル！,2021年5月3日,https://www.tsujileaks.com/?p=895
S3#84,第84回 禅と新オペからのモクシー語るネギシー！スペシャル！,2021年4月26日,https://www.tsujileaks.com/?p=892
S3#83,第83回 まだまだステイホーム！話題の事件には触れません！スペシャル！,2021年4月19日,https://www.tsujileaks.com/?p=884
S3#82,第82回 YobiKeyが飛び火ぃ！公開範囲は全世界から丸見えだ！スペシャル！,2021年4月12日,https://www.tsujileaks.com/?p=875
S3#81,第81回 新たなバラマキ？3月のランサム！偽キュリティ企業！スペシャル！,2021年4月5日,https://www.tsujileaks.com/?p=868
S3#80,第80回 今回第80回だけにHTTP(s)周りの話だったのか？！スペシャル！,2021年3月29日,https://www.tsujileaks.com/?p=847
S3#79,第79回 PiyoPiyoGO！Trickbotと比較！犯罪件数被害額レポート！スペシャル！,2021年3月22日,https://www.tsujileaks.com/?p=839
S3#78,第78回 それぞれの年度末仕事納めでのびのびしてんのか？！スペシャル！,2021年3月15日,https://www.tsujileaks.com/?p=834
S3#77,第77回 編集長復活！今年初のブログとやう゛ぇえ脆弱性を何卒！スペシャル！,2021年3月8日,https://www.tsujileaks.com/?p=827
S3#76,第76回 帯に短し、襷に長し！命短し、恋せよ〇〇！スペシャル！,2021年2月22日,https://www.tsujileaks.com/?p=821
S3#75,第75回 収録中に何度かトラブルがあったんです！スペシャル！,2021年2月15日,https://www.tsujileaks.com/?p=816
S3#74,第74回 ニュースウォッチ！VT！ランサム変化！スペシャル！,2021年2月8日,https://www.tsujileaks.com/?p=810
S3#73,第73回 乾杯！朗報！でも注意！根岸さんのところに攻撃が！？スペシャル！,2021年2月1日,https://www.tsujileaks.com/?p=804
S3#72,第72回 新コーナー（今回限り?）あるでよ！スペシャル！,2021年1月25日,https://www.tsujileaks.com/?p=800
S3#71,第71回 修正パッチとADとゲスト！スペシャル！,2021年1月19日,https://www.tsujileaks.com/?p=793
S3#70,第70回 明けまして！成人おめでとう！スペシャル！,2021年1月12日,https://www.tsujileaks.com/?p=785
S3#69,第69回 一年ぶり三回目の室長スペシャル！,2020年12月28日,https://www.tsujileaks.com/?p=780
S3#68,第68回 ソロリソロリと2020年を振り返るぜ！スペシャル！,2020年12月21日,https://www.tsujileaks.com/?p=775
S3#67,第67回 仕事納めた感の割に重めの話！スペシャル！,2020年12月14日,https://www.tsujileaks.com/?p=769
S3#66,第66回 テック感から始まって脱暗号化Zipについて考えたぜ！スペシャル！,2020年12月7日,https://www.tsujileaks.com/?p=766
S3#65,第65回 From USAとNoMore放置！スペシャル！,2020年11月30日,https://www.tsujileaks.com/?p=760
S3#64,第64回 いつもの三人でテック・ランサム・認証！スペシャル！,2020年11月24日,https://www.tsujileaks.com/?p=752
S3#63,第63回 ピースの足りないパズルのように僕らの対話は加速する！スペシャル！,2020年11月16日,https://www.tsujileaks.com/?p=745
S3#62,第62回 IcedIDに無くならないスクリーニング！二年ぶりにブログ書いたぜ！スペシャル！,2020年11月9日,https://www.tsujileaks.com/?p=738
S3#61,第61回 伏線回収と変わり種注意喚起とちょっとだけ社会派！スペシャル！,2020年11月2日,https://www.tsujileaks.com/?p=730
S3#60,第60回 nanoネタから公職選挙法違反ネタまで！ガイド紹介もあるぜ！スペシャル！,2020年10月26日,https://www.tsujileaks.com/?p=720
S3#59,第59回 雑談3割！おかわり偽給付金ととある勉強法とE2EEの話！スペシャル！,2020年10月19日,https://www.tsujileaks.com/?p=712
S3#58,第58回 トリプル！フィッシュ！ハイフン！スペシャル！,2020年10月5日,https://www.tsujileaks.com/?p=704
S3#57,第57回 狐から玉葱！ヒドゥンからオニオン！川崎市の紙対応！スペシャル！,2020年9月28日,https://www.tsujileaks.com/?p=696
S3#56,第56回 ゼ口とT信とサクソ！スペシャル！,2020年9月22日,https://www.tsujileaks.com/?p=687
S3#55,第55回 NICT砲強化！ニュースレター🎛食い！ドコモロ座！スペシャル！,2020年9月14日,https://www.tsujileaks.com/?p=676
S3#54,第54回 おいで夏の境界線！興味深いが過ぎたRDoSも再び！スペシャル！,2020年9月8日,https://www.tsujileaks.com/?p=672
S3#53,第53回 CVE-2019-11510と持ちかけ不正とセキューカンバー！スペシャル！,2020年8月31日,https://www.tsujileaks.com/?p=662
S3#52,第52回 海の向こうの標的型とキルスイッチ！このポッドキャストはTLP: Whiteです！スペシャル！,2020年8月23日,https://www.tsujileaks.com/?p=653
S3#51,第51回 は？ほーん… なるほどっ！スペシャル！,2020年8月17日,https://www.tsujileaks.com/?p=648
S3#50,第50回 ランサムがありあまる！重工なお知らせ！51%！スペシャル！,2020年8月10日,https://www.tsujileaks.com/?p=642
S3#49,第49回 継続ウォッチForever！フラッシュニュース！怖い話もあるよ！スペシャル！,2020年8月4日,https://www.tsujileaks.com/?p=632
S3#48,第48回 無理矢理！スペシャル！ feat. マジで、マジでw,2020年7月27日,https://www.tsujileaks.com/?p=629
S3#47,第47回 シグナルミラクル！標的型偽転居！ スペシャル！,2020年7月20日,https://www.tsujileaks.com/?p=625
S3#46,第46回 テック系の入り口！えーっきしっっっ！！ スペシャル！,2020年7月13日,https://www.tsujileaks.com/?p=621
S3#45,第45回 うまくいく秘訣は完璧を目指さない！何も足さない！何も引かない！スペシャル！,2020年7月6日,https://www.tsujileaks.com/?p=618
S3#44,第44回 自己記録更新だ！！！スペシャル！,2020年6月29日,https://www.tsujileaks.com/?p=616
S3#43,第43回 COCOA！DDOS！EXCEL！ちばしがさが！スペシャル！,2020年6月21日,https://www.tsujileaks.com/?p=611
S3#42,第42回 透明性を考えるNEGIZINE！アバドンもあるよ！スペシャル！,2020年6月14日,https://www.tsujileaks.com/?p=608
S3#41,第41回 訳あって2週間ぶり！テック系ポッドキャストTor！？スペシャル！,2020年6月8日,https://www.tsujileaks.com/?p=605
S3#40,第40回 毎日がエブリデイ！ある意味毎回室長！スペシャル！,2020年5月25日,https://www.tsujileaks.com/?p=602
S3#39,第39回 3s3s！3密3密！スペシャル,2020年5月18日,https://www.tsujileaks.com/?p=599
S3#38,第38回 今回は3人！病み上がりだけど元気にお届け！スペシャル,2020年5月11日,https://www.tsujileaks.com/?p=594
S3#37,第37回 1人欠席！自作PCネタから始まるよ！スペシャル,2020年5月3日,https://www.tsujileaks.com/?p=589
S3#36,第36回 小ネタ盛りだくさん！Home From Homeを目指して！スペシャル,2020年4月26日,https://www.tsujileaks.com/?p=584
S3#35,第35回 頻度上げてくぜ！外に出られなくても気分も上げてくぜ！スペシャル,2020年4月19日,https://www.tsujileaks.com/?p=580
S3#34,第34回 初リモート収録！Stay at Home！スペシャル,2020年4月7日,https://www.tsujileaks.com/?p=576
S3#33,第33回 タイトル付けるのに困るほどおもろかったぞ！スペシャル,2020年3月6日,https://www.tsujileaks.com/?p=570
S3#32,第32回 本島？ほんとに！？ねずみ年だぜ！スペシャル,2020年2月5日,https://www.tsujileaks.com/?p=566
S3#31,第31回 帰ってきた室長！スペシャル,2019年12月31日,https://www.tsujileaks.com/?p=563
S3#30,第30回 良いお年を！はまだ言わないぜ！スペシャル,2019年12月29日,https://www.tsujileaks.com/?p=561
S3#29,第29回 新たなDDoSトレンド！ヤバさを増したEmotet？！18億円欲しいぞ！スペシャル,2019年11月12日,https://www.tsujileaks.com/?p=556
S3#28,第28回 壺割りウォーキン！ランサム愛とエラスティックサーチと時々DoH！！！ スペシャル,2019年9月30日,https://www.tsujileaks.com/?p=553
S3#27,第27回 時代は移りゆく！セキュリティに興味を持っていこう！！！ スペシャル,2019年9月9日,https://www.tsujileaks.com/?p=539
S3#26,第26回 熱中症を吹き飛ばせ！大阪でリサーチャーズナイトしてきたぜ！ スペシャル,2019年8月8日,https://www.tsujileaks.com/?p=535
S3#25,第25回 GW2019！令和！世界パスワードデイって知ってた？ スペシャル,2019年5月8日,https://www.tsujileaks.com/?p=531
S3#24-2,第24回 3人揃うと安定感が増すのかも！ スペシャル （後編）,2019年4月7日,https://www.tsujileaks.com/?p=528
S3#24-1,第24回 3人揃うと安定感が増すのかも！ スペシャル （前編）,2019年4月7日,https://www.tsujileaks.com/?p=526
S3#23,第23回 piyo辻だけでお届けだ！セキュリティ月間ひっそり終わってたやん！ スペシャル,2019年3月24日,https://www.tsujileaks.com/?p=523
S3#22,第22回 318セキュリティ月間だ！ スペシャル,2019年2月16日,https://www.tsujileaks.com/?p=518
S3#21,第21回 あけおめ！ランサム！DDoS！艦Collection #1 スペシャル！,2019年1月24日,https://www.tsujileaks.com/?p=515
S3#20,第20回 室長スペシャル！,2018年12月30日,https://www.tsujileaks.com/?p=510
S3#19,第19回 ポッドキャストを19回しただけなのに スペシャル,2018年12月18日,https://www.tsujileaks.com/?p=507
S3#18,第18回 ポッドキャストを18回しただけなのに スペシャル,2018年11月2日,https://www.tsujileaks.com/?p=503
S3#17,第17回 スクープ！スクープ！16億！スペシャル,2018年9月21日,https://www.tsujileaks.com/?p=498
S3#16,第16回 STOP！提供元不明インストール！！スペシャル,2018年8月5日,https://www.tsujileaks.com/?p=495
S3#15,第15回 リスト型攻撃はなくなってないんだ！スペシャル,2018年6月26日,https://www.tsujileaks.com/?p=491
S3#14,第14回 カレーを食べながらSP 800-63B From USAだ！スペシャル,2018年5月23日,https://www.tsujileaks.com/?p=488
S3#13,第13回 雑談しすぎの定期変更強制しない！スペシャル,2018年4月19日,https://www.tsujileaks.com/?p=484
S3#12,第12回 都内某所からDDoSウォッチへの愛が止まらない！スペシャル,2018年3月5日,https://www.tsujileaks.com/?p=480
S3#11,第11回 「ビジネスメール詐欺」詐欺に気をつけろ！スペシャル,2017年12月31日,https://www.tsujileaks.com/?p=474
S3#10,第10回 マイニングとエストニアの話をしたよ！スペシャル,2017年10月30日,https://www.tsujileaks.com/?p=469
S3#9,第9回 DDoSがありあまる！スペシャル,2017年9月28日,https://www.tsujileaks.com/?p=465
S3#8,第8回 これもこの後も本番なんだぜ！スペシャル,2017年8月30日,https://www.tsujileaks.com/?p=460
S3#7-2,第7回分の雑談やで！,2017年8月6日,https://www.tsujileaks.com/?p=457
S3#7-1,第7回 ランサムがありあまるっ♪スペシャル,2017年8月3日,https://www.tsujileaks.com/?p=455
S3#6-2,第6回分の雑談だ！,2017年7月19日,https://www.tsujileaks.com/?p=450
S3#6-1,第6回 40人キャパの部屋で振り返れば2人がいる！スペシャル,2017年7月19日,https://www.tsujileaks.com/?p=448
S3#5,第5回 緊急特番的な感じでペチャクチャやろうぜ！スペシャル,2017年7月1日,https://www.tsujileaks.com/?p=445
S3#4,第4回 表彰されておめでたいので今回はなんだか人が多いよ！スペシャル,2017年6月29日,https://www.tsujileaks.com/?p=441
S3#3,第3回 人材育成にエモく語るボクたちにはキルスイッチはないぜ！スペシャル,2017年5月29日,https://www.tsujileaks.com/?p=435
S3#2,第2回 今週末はリサーチャーズナイトだよ！Don’t Wanna Cry！スペシャル,2017年5月23日,https://www.tsujileaks.com/?p=431
S3#1,第1回 動画のアレからポッドキャストのアレに帰ってきたよ！スペシャル,2017年4月23日,https://www.tsujileaks.com/?p=426
S2#44,サイバーセキュリティ人気動画連載“総集編”,2017年3月30日,https://atmarkit.itmedia.co.jp/ait/articles/1703/30/news032.html
S2#43,どれだけ注意喚起しても「パスワードの安全な管理」が普及しないのはなぜなのか,2017年3月21日,https://atmarkit.itmedia.co.jp/ait/articles/1703/21/news025.html
S2#42,添付ファイルによるウイルス攻撃、「開かない」以外の有効な対策を考える,2017年3月13日,https://atmarkit.itmedia.co.jp/ait/articles/1703/13/news035.html
S2#41,「自社を騙るメールが出回っている……」――企業はどう“注意喚起”すべきか？,2017年2月10日,https://atmarkit.itmedia.co.jp/ait/articles/1702/10/news029.html
S2#40,「フラット35」情報漏えい事件から学ぶ基本の大切さ,2016年12月28日,https://atmarkit.itmedia.co.jp/ait/articles/1612/28/news028.html
S2#39,自社を守るための「ポートスキャン」活用術,2016年12月22日,https://atmarkit.itmedia.co.jp/ait/articles/1612/22/news046.html
S2#38,IoT機器を悪用するDDoS攻撃、打つ手はあるのか,2016年11月29日,https://atmarkit.itmedia.co.jp/ait/articles/1611/29/news028.html
S2#37,「セキュリティ診断」を受ける前に知っておきたい基礎知識,2016年11月7日,https://atmarkit.itmedia.co.jp/ait/articles/1611/07/news019.html
S2#36,Operation Killing Bayとは何か？ 国際的なサイバー攻撃事情を専門家たちが語る,2016年10月24日,https://atmarkit.itmedia.co.jp/ait/articles/1610/24/news035.html
S2#35,脆弱性情報を読み解く際の必須用語、exploit（エクスプロイト）とは,2016年10月11日,https://atmarkit.itmedia.co.jp/ait/articles/1610/10/news008.html
S2#34,「ゼロデイ」とは何か？――情報セキュリティ用語解説シリーズ,2016年9月20日,https://atmarkit.itmedia.co.jp/ait/articles/1609/20/news034.html
S2#33,セキュリティ事故発生、企業はどこまで「情報開示」すればよいのか,2016年9月12日,https://atmarkit.itmedia.co.jp/ait/articles/1609/12/news030.html
S2#32,「ポケモンGO」に「リオオリンピック」、セキュリティ専門家はどう見たか,2016年9月5日,https://atmarkit.itmedia.co.jp/ait/articles/1609/05/news033.html
S2#31,LinkedIn、MySpace、Tumblrからの大量情報漏えいについて整理する,2016年8月29日,https://atmarkit.itmedia.co.jp/ait/articles/1608/29/news033.html
S2#30,目に見えない「Webサイト改ざん」に気付く方法,2016年8月19日,https://atmarkit.itmedia.co.jp/ait/articles/1608/19/news034.html
S2#29,C2（C&C）とは,2016年7月27日,https://atmarkit.itmedia.co.jp/ait/articles/1607/27/news016.html
S2#28,JTB不正アクセス事件から何を学びとれるのか？,2016年7月11日,https://atmarkit.itmedia.co.jp/ait/articles/1607/11/news043.html
S2#27,誰でも分かる「Tor」解説,2016年6月3日,https://atmarkit.itmedia.co.jp/ait/articles/1606/03/news040.html
S2#26,専門家が教える「脆弱性情報」の見方,2016年5月27日,https://atmarkit.itmedia.co.jp/ait/articles/1605/27/news037.html
S2#25,「Google Hacking（グーグル ハッキング）」とは,2016年5月20日,https://atmarkit.itmedia.co.jp/ait/articles/1605/20/news026.html
S2#24,個人情報漏えいが相次いだ2016年4月――セキュリティ専門家たちが振り返る,2016年5月13日,https://atmarkit.itmedia.co.jp/ait/articles/1605/13/news029.html
S2#23,「パスワードの定期変更」を考え直そう,2016年4月28日,https://atmarkit.itmedia.co.jp/ait/articles/1604/28/news038.html
S2#22,ハッキリ分かる「標的型攻撃」「ばらまき型攻撃」「APT」,2016年4月22日,https://atmarkit.itmedia.co.jp/ait/articles/1604/22/news024.html
S2#21,情報に振り回されないために新入社員が知っておくべきこと,2016年4月15日,https://atmarkit.itmedia.co.jp/ait/articles/1604/15/news029.html
S2#20,あなたの「クレジットカードポイント」、勝手に使われているかもしれません,2016年4月8日,https://atmarkit.itmedia.co.jp/ait/articles/1604/08/news041.html
S2#19,「バックドア」とは何か――「アップル対FBI騒動」でも取り沙汰されたセキュリティ用語を解説,2016年4月1日,https://atmarkit.itmedia.co.jp/ait/articles/1603/31/news101.html
S2#18,「パスワード管理ツール」を使ってみよう！――デモ有り,2016年3月25日,https://atmarkit.itmedia.co.jp/ait/articles/1603/25/news039.html
S2#17,人や社会の“脆弱性”を突く「ソーシャルエンジニアリング」から身を守るためには,2016年3月18日,https://atmarkit.itmedia.co.jp/ait/articles/1603/18/news037.html
S2#16,「ランサムウェア」に「glibc脆弱性」、セキュリティ専門家はどう見るか,2016年3月11日,https://atmarkit.itmedia.co.jp/ait/articles/1603/11/news044.html
S2#15,CMSのセキュリティ対策のポイント,2016年3月4日,https://atmarkit.itmedia.co.jp/ait/articles/1603/04/news029.html
S2#14,“IoT時代”に知っておくべき最低限のセキュリティ常識,2016年2月26日,https://atmarkit.itmedia.co.jp/ait/articles/1602/26/news047.html
S2#13,セキュリティ専門家が教える「誰でもできるパスワード管理のやり方」,2016年2月19日,https://atmarkit.itmedia.co.jp/ait/articles/1602/19/news047.html
S2#12,セキュリティ専門家が解説する「1月の注目事件」,2016年2月12日,https://atmarkit.itmedia.co.jp/ait/articles/1602/12/news033.html
S2#11,「公衆無線LAN」の安全な使い方,2016年2月5日,https://atmarkit.itmedia.co.jp/ait/articles/1602/05/news035.html
S2#10,「つないだら終わり」じゃない「ホームルーター」のセキュリティ,2016年1月29日,https://atmarkit.itmedia.co.jp/ait/articles/1601/29/news046.html
S2#9,「フィッシング」の手口、お見せします,2016年1月22日,https://atmarkit.itmedia.co.jp/ait/articles/1601/22/news046.html
S2#8,あくどい「ランサムウェア」にどう対処すべきか,2016年1月15日,https://atmarkit.itmedia.co.jp/ait/articles/1601/15/news033.html
S2#7,「標的型メール攻撃訓練」にもの申す,2015年12月28日,https://atmarkit.itmedia.co.jp/ait/articles/1512/28/news023.html
S2#6,日本年金機構情報漏えい事件でも悪用された「盲点」とは,2015年12月18日,https://atmarkit.itmedia.co.jp/ait/articles/1512/18/news037.html
S2#5,二段階認証は面倒くさい？【動画】,2015年12月11日,https://atmarkit.itmedia.co.jp/ait/articles/1512/11/news036.html
S2#4,拡張子、表示してますか？――マルウエア対策の「第一歩」を再確認しよう【動画】,2015年12月4日,https://atmarkit.itmedia.co.jp/ait/articles/1512/04/news026.html
S2#3,「日本のサイトを標的にしたDDoS攻撃と対策」――攻撃者は誰？ その狙いは？【動画】,2015年11月26日,https://atmarkit.itmedia.co.jp/ait/articles/1511/26/news023.html
S2#2,Microsoft Officeのマクロ機能を使った「ばらまき型ウイルス」、今すぐ実践可能な対策は？【動画】,2015年11月18日,https://atmarkit.itmedia.co.jp/ait/articles/1511/18/news041.html
S2#1,「レイバンをかたったスパム投稿」をどう見る？【動画】,2015年11月10日,https://atmarkit.itmedia.co.jp/ait/articles/1511/10/news022.html
S2#0,「インシデントをただの『話題』で終わらせるな」――セキュリティ時事ネタまとめ動画連載,2015年11月10日,https://atmarkit.itmedia.co.jp/ait/articles/1511/10/news021.html
S1#26,第26回 空けましておめでとう！スペシャル 後編,2015年3月30日,https://www.tsujileaks.com/?p=400
S1#25,第25回 空けましておめでとう！スペシャル 前編,2015年3月25日,https://www.tsujileaks.com/?p=395
S1#24,第24回 ボクたちの戦いは始まったばかりだ！スペシャル,2014年9月24日,https://www.tsujileaks.com/?p=381
S1#23,第23回 二週続けて！毎回がスペシャルかね？スペシャル,2014年8月12日,https://www.tsujileaks.com/?p=372
S1#22,第22回 人が集まったので収録したよ！スペシャル,2014年8月10日,https://www.tsujileaks.com/?p=367
S1#21,第21回 とりあえず聞いてよっ！奥さんっ！スペシャル,2014年5月12日,https://www.tsujileaks.com/?p=348
S1#20,第20回 ありがとう！XP！お疲れさま！XP！スペシャル,2014年4月14日,https://www.tsujileaks.com/?p=344
S1#19,第19回 大阪より愛を込めて。あけましておめでとうスペシャル,2014年3月4日,https://www.tsujileaks.com/?p=339
S1#18,第18回 本当によいお年を！質問がきたので話題にしたよ！ スペシャル,2013年12月23日,https://www.tsujileaks.com/?p=333
S1#17,第17回 もうパスワードの定期変更言うななんて言わないよ絶対！！スペシャル,2013年10月28日,https://www.tsujileaks.com/?p=329
S1#16,第16回 しゃっくりが止まらない！スペシャル,2013年7月7日,https://www.tsujileaks.com/?p=315
S1#15,第15回 収録して公開までのデモしたよ！ スペシャル,2013年4月24日,https://www.tsujileaks.com/?p=309
S1#14,第14回 目まぐるしいけど各々頑張ってるよ！スペシャル,2013年4月7日,https://www.tsujileaks.com/?p=300
S1#13,第13回 勢いにまかせて急遽収録が開始されたよ！スペシャル,2013年2月13日,https://www.tsujileaks.com/?p=281
S1#12,第12回 みんなが幸せになる嘘！スペシャル,2013年2月5日,https://www.tsujileaks.com/?p=266
S1#11,第11回 メリー ナノリマス！スペシャル,2012年12月24日,https://www.tsujileaks.com/?p=223
S1#10,第10回 風邪？花粉症？豚草なのか？えーくしっ！スペシャル,2012年10月23日,https://www.tsujileaks.com/?p=204
S1#9,第9回 短い間隔でノーアイデアだスペシャル,2012年9月3日,https://www.tsujileaks.com/?p=196
S1#8,第8回 初めてのオフライン収録！初めてのゲスト！しかも女性！スペシャル,2012年8月12日,https://www.tsujileaks.com/?p=174
S1#7,第7回 セキュリティに関係のある話をできるだけしようスペシャル。,2012年7月28日,https://www.tsujileaks.com/?p=162
S1#6,第6回 色々あるけど楽にいこうぜ！スペシャル,2012年5月14日,https://www.tsujileaks.com/?p=152
S1#5,第5回 チョコレートは数ではない！量より質だ！スペシャル,2012年2月20日,https://www.tsujileaks.com/?p=131
S1#4,第4回 うかうかしてたら冬が始まるよスペシャル,2011年12月3日,https://www.tsujileaks.com/?p=114
S1#3,第3回 成り行きでこのポッドキャストのタイトルが決まりましたスペシャル,2011年7月5日,https://www.tsujileaks.com/?p=73
S1#2,第2回 「自粛」は自粛させていただきますスペシャル,2011年4月10日,https://www.tsujileaks.com/?p=41
S1#1,第1回 タイトルも決まってないけどとりあえず始めましたスペシャル,2011年2月21日,https://www.tsujileaks.com/?p=10
