season,num,id,title,published_datetime,recorded_date,url,audio_url,image_url
3,274,S3#274,ç¬¬274å› æ­¯æŠœã‘ï¼ã‚¹ãƒšã‚·ãƒ£ãƒ«ï¼,2025-09-09T20:00+09:00,1900-01-01,https://www.tsujileaks.com/?p=2087,https://www.tsujileaks.com/media/are_250909_mariokart.mp3,http://www.tsujileaks.com/wp-content/uploads/dragonfly-300x300.jpg
3,273,S3#273,ç¬¬273å› åéŒ²å‚åŠ ã—ãŸã„ã£ã¦æ–¹ã„ã¾ã™ã‹ï¼ï¼Ÿã‚¹ãƒšã‚·ãƒ£ãƒ«ï¼,2025-09-02T20:00+09:00,1900-01-01,https://www.tsujileaks.com/?p=2081,https://www.tsujileaks.com/media/are_250902_hanamushi.mp3,http://www.tsujileaks.com/wp-content/uploads/slime-300x300.jpg
3,272,S3#272,ç¬¬272å› Â¯\_(ãƒ„)_/Â¯ï¼ã‚¹ãƒšã‚·ãƒ£ãƒ«ï¼,2025-08-25T20:00+09:00,1900-01-01,https://www.tsujileaks.com/?p=2076,https://www.tsujileaks.com/media/are_250825_geisha.mp3,http://www.tsujileaks.com/wp-content/uploads/everydaylife-300x300.jpg
3,271,S3#271,ç¬¬271å› ã‚¢ãƒ¬ã¨ç”Ÿãã‚‹ï¼ã‚¹ãƒšã‚·ãƒ£ãƒ«ï¼,2025-08-18T20:00+09:00,1900-01-01,https://www.tsujileaks.com/?p=2070,https://www.tsujileaks.com/media/are_250818_boss.mp3,http://www.tsujileaks.com/wp-content/uploads/kakigo-300x300.jpg
3,270,S3#270,ç¬¬270å› ãªã‚“ã§ã‚‚ã„ã‚ã„ã‚ã»ã©ã»ã©ã«ï¼ã‚¹ãƒšã‚·ãƒ£ãƒ«ï¼,2025-08-11T20:00+09:00,1900-01-01,https://www.tsujileaks.com/?p=2061,https://www.tsujileaks.com/media/are_250811_semikowai.mp3,http://www.tsujileaks.com/wp-content/uploads/nasu-300x300.jpg
3,269,S3#269,ç¬¬269å› ãƒ“ã‚¸ãƒã‚¹ã«ã‚‚å½¹ç«‹ã¤ãƒãƒƒãƒ‰ã‚­ãƒ£ã‚¹ãƒˆã‚„ã§ï¼ã‚¹ãƒšã‚·ãƒ£ãƒ«ï¼,2025-08-04T20:00+09:00,1900-01-01,https://www.tsujileaks.com/?p=2056,https://www.tsujileaks.com/media/are_250804_mayim2.mp3,http://www.tsujileaks.com/wp-content/uploads/mogumogu-300x300.jpg
3,268,S3#268,ç¬¬268å› ãƒ›ãƒ¼ãƒƒãƒ›ãƒƒãƒ›ãƒƒãƒ›ï¼ã‚¹ãƒšã‚·ãƒ£ãƒ«ï¼,2025-07-29T08:00+09:00,1900-01-01,https://www.tsujileaks.com/?p=2052,https://www.tsujileaks.com/media/are_250729_zeian.mp3,http://www.tsujileaks.com/wp-content/uploads/bate-300x300.jpg
3,267,S3#267,ç¬¬267å› ãƒã‚¸ãƒ†ã‚£ãƒ–ãªæ°—æŒã¡ã¯å³ä¼ãˆã‚ˆã†ï¼ã‚¹ãƒšã‚·ãƒ£ãƒ«ï¼,2025-07-22T20:00+09:00,2025-07-19,https://www.tsujileaks.com/?p=2048,https://www.tsujileaks.com/media/are_250722_higeto.mp3,http://www.tsujileaks.com/wp-content/uploads/neware-300x300.jpg
3,266,S3#266,ç¬¬266å› èãè‹¦ã—ã„ã¨ã“ã‚ãŒã‚ã£ã¦æ­£ç›´ã‚¹ãƒãƒ³ã‹ã£ãŸ!ã‚¹ãƒšã‚·ãƒ£ãƒ«ï¼,2025-07-07T20:00+09:00,2025-07-05,https://www.tsujileaks.com/?p=2044,https://www.tsujileaks.com/media/are_250707_omede10.mp3,http://www.tsujileaks.com/wp-content/uploads/pool-300x300.jpg
3,265,S3#265,ç¬¬265å› ä¿è­·ã—ã¦ã„ã‚‹ã‚ˆã†ã§ç„¡è¦–ï¼ã‚¹ãƒšã‚·ãƒ£ãƒ«ï¼,2025-06-30T20:00+09:00,2025-06-23,https://www.tsujileaks.com/?p=2040,https://www.tsujileaks.com/media/are_250630_okaeri.mp3,http://www.tsujileaks.com/wp-content/uploads/SummerStart-300x300.jpg
3,264,S3#264,ç¬¬264å› å·§å¦™åŒ–ã—ã¦ã‚‹ã®ã‹ï¼Ÿã—ã¦ã„ãªã„ã®ã‹ï¼Ÿã©ã£ã¡ãªã‚“ã ã„ï¼ï¼Ÿã‚¹ãƒšã‚·ãƒ£ãƒ«ï¼,2025-06-23T20:00+09:00,2025-06-21,https://www.tsujileaks.com/?p=2037,https://www.tsujileaks.com/media/are_250623_sophisticated.mp3,http://www.tsujileaks.com/wp-content/uploads/tote-300x300.jpg
3,263,S3#263,ç¬¬263å› ã‚³ãƒ¬ã§ã¯ãªã„ã‚¢ãƒ¬ã®ã“ã£ã¡ãƒ‘ã‚¿ãƒ¼ãƒ³ï¼ã‚¹ãƒšã‚·ãƒ£ãƒ«ï¼,2025-06-09T20:00+09:00,2025-06-07,https://www.tsujileaks.com/?p=2031,https://www.tsujileaks.com/media/are_250609_negitsuji.mp3,http://www.tsujileaks.com/wp-content/uploads/mou_summer-300x300.jpg
3,262,S3#262,ç¬¬262å› ç´ æ™´ã‚‰ã—ãæˆã‹ã‚Šã‚‚ã®ã¨é ‚ãã‚‚ã®ï¼ã‚¹ãƒšã‚·ãƒ£ãƒ«ï¼,2025-05-26T20:00+09:00,2025-05-24,https://www.tsujileaks.com/?p=2021,https://www.tsujileaks.com/media/are_250526_Congrats_on_your_little_baby.mp3,http://www.tsujileaks.com/wp-content/uploads/gumikango-300x300.jpg
3,261,S3#261,ç¬¬261å› 5æœˆã®ç¬¬1æœ¨æ›œæ—¥ã¨5æœˆ12æ—¥ã¯ä½•ã®æ—¥ï¼Ÿã‚¹ãƒšã‚·ãƒ£ãƒ«ï¼,2025-05-19T20:00+09:00,2025-05-17,https://www.tsujileaks.com/?p=2015,https://www.tsujileaks.com/media/are_250519_yukijirushi.mp3,http://www.tsujileaks.com/wp-content/uploads/shopping-300x300.jpg
3,260,S3#260,ç¬¬260å› ã„ãŸã—ã‹ã‚†ã—ã„ã¨ã—ã“ã„ã—ï¼ã‚¹ãƒšã‚·ãƒ£ãƒ«ï¼,2025-05-12T20:00+09:00,2025-05-10,https://www.tsujileaks.com/?p=2011,https://www.tsujileaks.com/media/are_250512_nothing.mp3,http://www.tsujileaks.com/wp-content/uploads/underthesea-300x300.jpg
3,259,S3#259,ç¬¬259å› KEVã¨è»½EVï¼ãƒˆãƒªã‚¢ãƒ¼ã‚¸ã¨å–ã‚Šå›ã—ï¼ã‚¹ãƒšã‚·ãƒ£ãƒ«ï¼,2025-05-05T20:00+09:00,2025-05-03,https://www.tsujileaks.com/?p=2005,https://www.tsujileaks.com/media/are_250505_transistor_radio.mp3,http://www.tsujileaks.com/wp-content/uploads/gold-300x300.jpg
3,258,S3#258,ç¬¬258å› Ê•â€¢á´¥â€¢  Ê”ï¼ã‚¹ãƒšã‚·ãƒ£ãƒ«ï¼,2025-04-14T20:00+09:00,2025-04-12,https://www.tsujileaks.com/?p=1998,https://www.tsujileaks.com/media/are_250414_kuma.mp3,http://www.tsujileaks.com/wp-content/uploads/o-kororin-300x300.jpg
3,257,S3#257,ç¬¬257å› ã‚ãã‚ãã‚¢ãƒ¬ã¡ã‚ƒã‚“ã­ã‚‹ï¼ã‚¹ãƒšã‚·ãƒ£ãƒ«ï¼,2025-04-07T19:03+09:00,2025-04-05,https://www.tsujileaks.com/?p=1991,https://www.tsujileaks.com/media/are_250407_hunthunt.mp3,http://www.tsujileaks.com/wp-content/uploads/sakura-300x300.jpg
3,256,S3#256,ç¬¬256å› ã‚ªãƒ³ãªã®ã«0ffä¼šã ï¼ã‚¹ãƒšã‚·ãƒ£ãƒ«ï¼,2025-03-25T20:00+09:00,2025-03-23,https://www.tsujileaks.com/?p=1984,https://www.tsujileaks.com/media/are_250325_0ff.mp3,http://www.tsujileaks.com/wp-content/uploads/pen-300x300.jpg
3,255,S3#255,ç¬¬255å› åãŒä½“ã‚’è¡¨ã—ã¦ã„ã“ã†ï¼ã‚¹ãƒšã‚·ãƒ£ãƒ«ï¼,2025-03-18T20:00+09:00,2025-03-16,https://www.tsujileaks.com/?p=1979,https://www.tsujileaks.com/media/are_250318_cyberday.mp3,http://www.tsujileaks.com/wp-content/uploads/HayFever-300x300.jpg
3,254,S3#254,ç¬¬254å› FLASHBACK æ¸©æ³‰ï¼ã‚¹ãƒšã‚·ãƒ£ãƒ«ï¼,2025-03-11T11:00+09:00,2025-03-10,https://www.tsujileaks.com/?p=1972,https://www.tsujileaks.com/media/are_250311_NSP.mp3,http://www.tsujileaks.com/wp-content/uploads/stove-300x300.jpg
3,253,S3#253,ç¬¬253å› ğŸ˜»ï¼ã‚¹ãƒšã‚·ãƒ£ãƒ«ï¼,2025-02-25T07:30+09:00,2025-02-22,https://www.tsujileaks.com/?p=1963,https://www.tsujileaks.com/media/are_250225_osusumesaretai.mp3,http://www.tsujileaks.com/wp-content/uploads/nighit-300x300.jpg
3,252,S3#252,ç¬¬252å› è‰¯ã„æ„å‘³ã§ã®ã€Œã†ã¡ã¯å¤§ä¸ˆå¤«ã‹ï¼Ÿã€ã‚‚ã‚ã‚‹ï¼ã‚¹ãƒšã‚·ãƒ£ãƒ«ï¼,2025-02-17T22:32+09:00,2025-02-16,https://www.tsujileaks.com/?p=1958,https://www.tsujileaks.com/media/are_250218_rankingnakushitai.mp3,http://www.tsujileaks.com/wp-content/uploads/inuinu-300x300.jpg
3,251,S3#251,ç¬¬251å› ç¥ï¼åœ°ä¸Šæ³¢ãƒ‡ãƒ“ãƒ¥ãƒ¼ã ï¼ã‚¹ãƒšã‚·ãƒ£ãƒ«ï¼,2025-02-10T20:00+09:00,2025-02-08,https://www.tsujileaks.com/?p=1949,https://www.tsujileaks.com/media/are_250210_over-the-air.mp3,http://www.tsujileaks.com/wp-content/uploads/cho-300x300.jpg
3,250,S3#250,ç¬¬250å› ãªã‚“ã§ã‚‚ä¸­ã«é¤…å…¥ã‚ŒãŸã‚‰ãˆãˆã­ã‚“ï¼ã‚¹ãƒšã‚·ãƒ£ãƒ«ï¼,2025-02-04T20:00+09:00,2025-02-02,https://www.tsujileaks.com/?p=1941,https://www.tsujileaks.com/media/are_250203_NSANFS.mp3,http://www.tsujileaks.com/wp-content/uploads/kamakurango-300x300.jpg
3,249,S3#249,ç¬¬249å› æº–å‚™8å‰²ãŠã˜ã•ã‚“ã ï¼ã‚¹ãƒšã‚·ãƒ£ãƒ«ï¼,2025-01-28T20:00+09:00,2025-01-26,https://www.tsujileaks.com/?p=1937,https://www.tsujileaks.com/media/are_250128_goldfinger.mp3,http://www.tsujileaks.com/wp-content/uploads/movie-300x300.jpg
3,248,S3#248,ç¬¬248å› ãƒ‰ãƒ³ãƒ‰ãƒ³ãƒ‰ãƒ³ï¼ãƒ‰ãƒ³ãƒ”ï½â™ªã‚¹ãƒšã‚·ãƒ£ãƒ«ï¼,2025-01-20T20:00+09:00,2025-01-18,https://www.tsujileaks.com/?p=1930,https://www.tsujileaks.com/media/are_250119_jBeatles.mp3,http://www.tsujileaks.com/wp-content/uploads/mi-300x300.jpg
3,247,S3#247,ç¬¬247å› ã‚¢ãƒ¬ã®ã‚¢ãƒ¬ãŒå§‹ã¾ã£ãŸã‚“ã ãœï¼ã‚¹ãƒšã‚·ãƒ£ãƒ«ï¼,2025-01-14T20:00+09:00,2025-01-13,https://www.tsujileaks.com/?p=1925,https://www.tsujileaks.com/media/are_250114_k.mp3,http://www.tsujileaks.com/wp-content/uploads/k-300x225.jpg
3,246,S3#246,ç¬¬246å› ã‚ªãƒ¬ãŸã¡ã¯å…±ã«æ­©ã‚“ã§ããŸã‚“ã ãœï¼ã‚¹ãƒšã‚·ãƒ£ãƒ«ï¼,2024-12-25T00:00+09:00,2024-12-21,https://www.tsujileaks.com/?p=1920,https://www.tsujileaks.com/media/are_241225_notlast.mp3,http://www.tsujileaks.com/wp-content/uploads/xmas2024_sp-300x300.jpg
3,245,S3#245,ç¬¬245å› ã‚µã‚°ãƒ©ãƒ€ãƒ»ãƒ•ã‚¡ãƒŸãƒªã‚¢ã¯å®Œæˆã—ãŸã‚‰ç¯‰ä½•å¹´ã«ãªã‚“ã­ã‚“ï¼ã‚¹ãƒšã‚·ãƒ£ãƒ«ï¼,2024-12-19T22:33+09:00,2024-12-15,https://www.tsujileaks.com/?p=1912,https://www.tsujileaks.com/media/are_241219_youbimatigai.mp3,http://www.tsujileaks.com/wp-content/uploads/kissa-300x300.jpg
3,244,S3#244,ç¬¬244å› åŒéŸ³ç•°ç¾©ã¨æ˜¨å¹´æ¯”è¼ƒï¼ã‚¹ãƒšã‚·ãƒ£ãƒ«ï¼,2024-12-09T20:00+09:00,2024-12-06,https://www.tsujileaks.com/?p=1903,https://www.tsujileaks.com/media/are_241209_homophone.mp3,http://www.tsujileaks.com/wp-content/uploads/xmas2024-300x300.jpg
3,243,S3#243,ç¬¬243å› æ–°æ—§ã€æ™‚ã‚’è¶…ãˆã¦ï¼ã‚¹ãƒšã‚·ãƒ£ãƒ«ï¼,2024-12-03T11:59+09:00,2024-11-30,https://www.tsujileaks.com/?p=1898,https://www.tsujileaks.com/media/are_241203_mada12.mp3,http://www.tsujileaks.com/wp-content/uploads/mikan-300x300.jpg
3,242,S3#242,ç¬¬242å› è«¸äº‹æƒ…ã«ã‚ˆã‚Šãƒ¡ãƒ¢ã¯å‰²æ„›ã ï¼ã‚¹ãƒšã‚·ãƒ£ãƒ«ï¼,2024-11-26T12:00+09:00,2024-11-24,https://www.tsujileaks.com/?p=1893,https://www.tsujileaks.com/media/are_241126_Omitted.mp3,http://www.tsujileaks.com/wp-content/uploads/arebread-300x300.jpg
3,241,S3#241,ç¬¬241å› æˆ‘ã€…ã¯ã€äºˆæ¸¬ã—ã¾ã›ã‚“ï¼ã‚¹ãƒšã‚·ãƒ£ãƒ«ï¼,2024-11-19T07:30+09:00,2024-11-17,https://www.tsujileaks.com/?p=1887,https://www.tsujileaks.com/media/are_241119_getup.mp3,http://www.tsujileaks.com/wp-content/uploads/TeaKango-300x300.jpg
3,240,S3#240,ç¬¬240å› æ–°ã‚³ãƒ¼ãƒŠãƒ¼ã‚’ã‚ˆã‚ã—ããŠé¡˜ã„ã—ã¾ã™ï¼ã‚¹ãƒšã‚·ãƒ£ãƒ«ï¼,2024-11-12T12:00+09:00,2024-11-10,https://www.tsujileaks.com/?p=1881,https://www.tsujileaks.com/media/are_241112_vs.mp3,http://www.tsujileaks.com/wp-content/uploads/ramen-300x300.jpg
3,239,S3#239,ç¬¬239å› å„ã€…ã®ãã‚Œãã‚Œã®ã‚¢ãƒ¬ã‚³ãƒ¬ï¼ã‚¹ãƒšã‚·ãƒ£ãƒ«ï¼,2024-11-04T20:00+09:00,2024-11-02,https://www.tsujileaks.com/?p=1876,https://www.tsujileaks.com/media/are_241104_each.mp3,http://www.tsujileaks.com/wp-content/uploads/okonomi-300x300.jpg
3,238,S3#238,ç¬¬238å› è¶³ã‚’é‹ã‚“ã§ãã ã•ã„ï¼ã‚¹ãƒšã‚·ãƒ£ãƒ«ï¼,2024-10-28T20:00+09:00,2024-10-26,https://www.tsujileaks.com/?p=1870,https://www.tsujileaks.com/media/are_241028_a-r-3.mp3,http://www.tsujileaks.com/wp-content/uploads/aredake-300x300.jpg
3,237,S3#237,ç¬¬237å› ã‚“ã‚ãï¼Ÿï¼ã‚¹ãƒšã‚·ãƒ£ãƒ«ï¼,2024-10-07T20:00+09:00,2024-10-06,https://www.tsujileaks.com/?p=1863,https://www.tsujileaks.com/media/are_241007_tamaran.mp3,http://www.tsujileaks.com/wp-content/uploads/peopo-300x300.jpg
3,236,S3#236,ç¬¬236å› ãã‚“ãªã‚“ã‚ã‚‹ã‚“ã‚„ãŒã„ã£ã±ã„ï¼ã‚¹ãƒšã‚·ãƒ£ãƒ«ï¼,2024-09-30T20:00+09:00,2024-09-28,https://www.tsujileaks.com/?p=1857,https://www.tsujileaks.com/media/are_240930_8451.mp3,http://www.tsujileaks.com/wp-content/uploads/mush-300x300.jpg
3,235,S3#235,ç¬¬235å› ã‚ã£ã¡ã‚ƒæ—©å£ã§ãˆãˆã‚„ã‚“ï¼èƒ¸ç†±ãªã‚ã†ãœï¼ã‚¹ãƒšã‚·ãƒ£ãƒ«ï¼,2024-09-23T20:00+09:00,2024-09-21,https://www.tsujileaks.com/?p=1850,https://www.tsujileaks.com/media/are_240923_memorydump.mp3,http://www.tsujileaks.com/wp-content/uploads/pudding-300x300.jpg
3,234,S3#234,ç¬¬234å› å™›ã¿å¯¾å¿œï¼ã‚¹ãƒšã‚·ãƒ£ãƒ«ï¼,2024-09-16T20:00+09:00,2024-09-14,https://www.tsujileaks.com/?p=1845,https://www.tsujileaks.com/media/are_240916_kamikami.mp3,http://www.tsujileaks.com/wp-content/uploads/3kango-300x300.jpg
3,233,S3#233,ç¬¬233å› ã„ã¤ã‚‚å…ƒæ°—ã‚’æ¯æ—¥ã«ï¼ã‚¹ãƒšã‚·ãƒ£ãƒ«ï¼,2024-09-09T20:00+09:00,2024-09-07,https://www.tsujileaks.com/?p=1842,https://www.tsujileaks.com/media/are_240909_kokokara.mp3,http://www.tsujileaks.com/wp-content/uploads/farm-300x300.jpg
3,232,S3#232,ç¬¬232å› èªè¨¼èªå¯è‡ªç”»è‡ªè³›ï¼ã‚¹ãƒšã‚·ãƒ£ãƒ«ï¼,2024-08-26T02:13+09:00,2024-08-24,https://www.tsujileaks.com/?p=1836,https://www.tsujileaks.com/media/are_240826_shintoku.mp3,http://www.tsujileaks.com/wp-content/uploads/aaaaaaaaaaa-300x300.jpg
3,231,S3#231,ç¬¬231å› ã‚‚ã†1ã¤ã®KEVã¨æƒ…å ±çªƒå–ãŸã¡ ï½ç„¡é™é›»æ± ç·¨ï½ï¼ã‚¹ãƒšã‚·ãƒ£ãƒ«ï¼,2024-08-12T20:00+09:00,2024-08-10,https://www.tsujileaks.com/?p=1829,https://www.tsujileaks.com/media/are_240812_obonkobon.mp3,http://www.tsujileaks.com/wp-content/uploads/arearium-300x300.jpg
3,230,S3#230,ç¬¬230å› æ—¥æœ¬ä¸€æ„Ÿã˜ã®è‰¯ã„ã‚»ã‚­ãƒ¥ãƒªãƒ†ã‚£ã‚¨ãƒ³ã‚¸ãƒ‹ã‚¢ç›®æŒ‡ã—ã¦ã‚‹ã‚“ã§ã™ï¼ã‚¹ãƒšã‚·ãƒ£ãƒ«ï¼,2024-08-05T20:00+09:00,2024-08-03,https://www.tsujileaks.com/?p=1822,https://www.tsujileaks.com/media/are_240805_scramble.mp3,http://www.tsujileaks.com/wp-content/uploads/machuri-300x300.jpg
3,229,S3#229,ç¬¬229å› ã­ãã¤ã˜ã®æˆ¸ç· ã¾ã‚Šï¼ã‚¹ãƒšã‚·ãƒ£ãƒ«ï¼,2024-07-29T20:00+09:00,2024-07-27,https://www.tsujileaks.com/?p=1816,https://www.tsujileaks.com/media/are_240729_deux.mp3,http://www.tsujileaks.com/wp-content/uploads/abu-300x300.jpg
3,228,S3#228,ç¬¬228å› ã‚´ãƒ­ã‚´ãƒ­ã‚´ãƒ­ã‚´ãƒ­ï¼è¡æ’ƒãƒãƒªãƒãƒªï¼ã‚¹ãƒšã‚·ãƒ£ãƒ«ï¼,2024-07-22T20:00+09:00,2024-07-20,https://www.tsujileaks.com/?p=1808,https://www.tsujileaks.com/media/are_240722_doudougekiteki.mp3,http://www.tsujileaks.com/wp-content/uploads/kisei-300x300.jpg
3,227,S3#227,ç¬¬227å› åœ°ä¸Šæ³¢ãƒ‡ãƒ“ãƒ¥ãƒ¼ã¯ã€ã¾ãŸä»Šåº¦ï¼ã‚¹ãƒšã‚·ãƒ£ãƒ«ï¼,2024-07-15T20:00+09:00,2024-07-13,https://www.tsujileaks.com/?p=1798,https://www.tsujileaks.com/media/are_240716_gotosummer.mp3,http://www.tsujileaks.com/wp-content/uploads/trump-300x300.jpg
3,226,S3#226,ç¬¬226å› åˆæ ¼ã¨å¿ƒã‚‚æ”¯ãˆå§‹ã‚ãŸãƒãƒƒãƒ‰ã‚­ãƒ£ã‚¹ãƒˆã ï¼ã‚¹ãƒšã‚·ãƒ£ãƒ«ï¼,2024-07-08T20:00+09:00,2024-07-05,https://www.tsujileaks.com/?p=1789,https://www.tsujileaks.com/media/are_240708_Terrestrial.mp3,http://www.tsujileaks.com/wp-content/uploads/mousyo-300x300.jpg
3,225,S3#225,ç¬¬225å› ã‚·ã‚¹ãƒ†ãƒ ã ã‘ã§ãªãè‡ªåˆ†ã®å¥åº·ã«ã‚‚æ°—ã‚’ä»˜ã‘ã‚ˆã†ï¼ã‚¹ãƒšã‚·ãƒ£ãƒ«ï¼,2024-07-02T20:00+09:00,2024-06-30,https://www.tsujileaks.com/?p=1786,https://www.tsujileaks.com/media/are_240702_konkaihagachi.mp3,http://www.tsujileaks.com/wp-content/uploads/poisonkango-300x300.jpg
3,224,S3#224,ç¬¬224å› æ¥æœˆå…¬é–‹åéŒ²ãŒã‚ã‚‹ã‚“ã§ã™ã‚ˆï¼ã‚¹ãƒšã‚·ãƒ£ãƒ«ï¼,2024-06-24T20:00+09:00,2024-06-22,https://www.tsujileaks.com/?p=1779,https://www.tsujileaks.com/media/are_24624_mounakanaide.mp3,http://www.tsujileaks.com/wp-content/uploads/sauna-300x300.jpg
3,223,S3#223,ç¬¬223å› æŠ•è³‡è©æ¬ºã«ã‚µãƒ—ãƒ©ã‚¤ãƒã‚§ãƒ¼ãƒ³ã«ã‚¤ãƒ³ãƒ•ãƒ«ã‚¨ãƒ³ã‚¹ã ï¼ã‚¹ãƒšã‚·ãƒ£ãƒ«ï¼,2024-06-03T20:00+09:00,2024-06-01,https://www.tsujileaks.com/?p=1774,https://www.tsujileaks.com/media/are_240603_black.mp3,http://www.tsujileaks.com/wp-content/uploads/pizza_hiza-300x300.jpg
3,222,S3#222,ç¬¬222å› ã«ã‚ƒãƒ¼ã«ã‚ƒãƒ¼ã«ã‚ƒãƒ¼ï¼ã‚¹ãƒšã‚·ãƒ£ãƒ«ï¼,2024-05-20T20:00+09:00,2024-05-18,https://www.tsujileaks.com/?p=1768,https://www.tsujileaks.com/media/are_240520_neko.mp3,http://www.tsujileaks.com/wp-content/uploads/ohuroice-300x300.jpg
3,221,S3#221,ç¬¬221å› è„†ï¼ã‚¹ãƒšã‚·ãƒ£ãƒ«ï¼,2024-05-13T20:00+09:00,2024-05-11,https://www.tsujileaks.com/?p=1765,https://www.tsujileaks.com/media/are_240513_vuln.mp3,http://www.tsujileaks.com/wp-content/uploads/b-300x300.jpg
3,220,S3#220,ç¬¬220å› å¤šè¦ç´ èªè¨¼ã®ç†æƒ³éƒ·ï¼Unknownå¤šãã¦å‚ã£ãŸãªãï¼ã‚¹ãƒšã‚·ãƒ£ãƒ«ï¼,2024-04-29T20:00+09:00,2024-04-27,https://www.tsujileaks.com/?p=1757,https://www.tsujileaks.com/media/are_240429_AreIntiRaymi.mp3,http://www.tsujileaks.com/wp-content/uploads/dog-300x300.jpg
3,219,S3#219,ç¬¬219å› æ­¯ãŒã‚†ã„ã®ã‚ˆï¼ãã®äº‹ä¾‹ã¯ï¼ã‚¹ãƒšã‚·ãƒ£ãƒ«ï¼,2024-04-22T20:00+09:00,2024-04-20,https://www.tsujileaks.com/?p=1750,https://www.tsujileaks.com/media/are_20240422_moya2.mp3,http://www.tsujileaks.com/wp-content/uploads/nui-300x300.jpg
3,218,S3#218,ç¬¬218å› ãƒšãƒ³ï¼ãƒ‘ãƒ³ï¼ã‚¢ãƒƒãƒãƒ¼ï¼ã‚¹ãƒšã‚·ãƒ£ãƒ«ï¼,2024-04-15T08:00+09:00,2024-04-13,https://www.tsujileaks.com/?p=1745,https://www.tsujileaks.com/media/are_240415_PENPANApple.mp3,http://www.tsujileaks.com/wp-content/uploads/suttaba-300x300.jpg
3,217,S3#217,ç¬¬217å› æ¯æ—¥ãŒã‚¹ãƒšã‚·ãƒ£ãƒ«ï¼ãŠã™ã™ã‚ã¯ãƒ—ãƒ¬ãƒŸã‚¢ãƒ ï¼ã‚¹ãƒšã‚·ãƒ£ãƒ«ï¼,2024-04-08T20:00+09:00,2024-04-06,https://www.tsujileaks.com/?p=1739,https://www.tsujileaks.com/media/are_240408_NeedBadget.mp3,http://www.tsujileaks.com/wp-content/uploads/ee2024-300x300.jpg
3,216,S3#216,ç¬¬216å› ã‚µã‚¤ãƒãƒ¼ã‚»ã‚­ãƒ¥ãƒªãƒ†ã‚£å¹´é–“ï¼ã‚¹ãƒšã‚·ãƒ£ãƒ«ï¼,2024-03-25T20:00+09:00,2024-03-23,https://www.tsujileaks.com/?p=1733,https://www.tsujileaks.com/media/are_240325_ClosedNextWeek.mp3,http://www.tsujileaks.com/wp-content/uploads/benevolence-300x300.jpg
3,215,S3#215,ç¬¬215å› ã„ã‚ã°ï¼ã¾ã•ã«ï¼ã‚‚ã¯ã‚„ï¼ã‚€ã—ã‚ï¼ã‚¹ãƒšã‚·ãƒ£ãƒ«ï¼,2024-03-18T20:00+09:00,2024-03-16,https://www.tsujileaks.com/?p=1727,https://www.tsujileaks.com/media/are_240318_iwabamasanimohayamushiro.mp3,http://www.tsujileaks.com/wp-content/uploads/vbs-300x300.jpg
3,214,S3#214,ç¬¬214å› ã€Œä½•ã‚’ä»Šæ›´ã€ã¨ã€Œã¤ã‚‚ã‚Šã€ãªã‚‰ãªã„ã‚¯ãƒªã‚¢ãƒ©ãƒ³ã‚¹ï¼ã‚¹ãƒšã‚·ãƒ£ãƒ«ï¼,2024-03-11T20:00+09:00,2024-03-09,https://www.tsujileaks.com/?p=1717,https://www.tsujileaks.com/media/are_240311_takopaha5gatsu.mp3,http://www.tsujileaks.com/wp-content/uploads/dango-300x300.jpg
3,213,S3#213,ç¬¬213å› å®‰å…¨ç¬¬ä¸€ï¼å“è³ªç¬¬äºŒï¼ç”Ÿç”£ç¬¬ä¸‰ï¼ã‚¹ãƒšã‚·ãƒ£ãƒ«ï¼,2024-03-04T20:00+09:00,2024-03-02,https://www.tsujileaks.com/?p=1714,https://www.tsujileaks.com/media/are_240304_123.mp3,http://www.tsujileaks.com/wp-content/uploads/nin2-300x300.jpg
3,212,S3#212,ç¬¬212å› ã¡ã‚ƒã‚“ã¨å¯ã¦ã€ã¡ã‚ƒã‚“ã¨è¨˜éŒ²ã‚’å–ã‚ã†ï¼ã‚¹ãƒšã‚·ãƒ£ãƒ«ï¼,2024-02-19T20:00+09:00,2024-02-17,https://www.tsujileaks.com/?p=1707,https://www.tsujileaks.com/media/are_240219_naniyaki.mp3,http://www.tsujileaks.com/wp-content/uploads/hamburger-300x300.jpg
3,211,S3#211,ç¬¬211å› ãªã‚“ã§ã‹æ°—ã«ãªã‚‹ã“ã¨ã£ã¦ã‚ã‚‹ã‚“ã§ã™ã‚ï¼ã‚¹ãƒšã‚·ãƒ£ãƒ«ï¼,2024-02-12T20:00+09:00,2024-02-10,https://www.tsujileaks.com/?p=1700,https://www.tsujileaks.com/media/are_240212_IDKW.mp3,http://www.tsujileaks.com/wp-content/uploads/arearecooking-300x300.jpg
3,210,S3#210,ç¬¬210å› ã¾ã‚ã¾ã‚ã¾ã€œã‚â™ªã‚¹ãƒšã‚·ãƒ£ãƒ«ï¼,2024-02-05T20:00+09:00,2024-02-03,https://www.tsujileaks.com/?p=1691,https://www.tsujileaks.com/media/are_240205_mame.mp3,http://www.tsujileaks.com/wp-content/uploads/dim_sum-300x300.jpg
3,209,S3#209,ç¬¬209å› ç”Ÿã€…ï¼ã‚¹ãƒšã‚·ãƒ£ãƒ«ï¼,2024-01-29T20:00+09:00,2024-01-27,https://www.tsujileaks.com/?p=1686,https://www.tsujileaks.com/media/are_240129_MetALotOf.mp3,http://www.tsujileaks.com/wp-content/uploads/1666243231813-300x300.jpg
3,208,S3#208,ç¬¬208å› æ™‚é–“ã«ã‚ˆã‚‹è§£æ±ºã¨æŠ—ã„ï¼ã‚¹ãƒšã‚·ãƒ£ãƒ«ï¼,2024-01-22T20:00+09:00,2024-01-20,https://www.tsujileaks.com/?p=1680,https://www.tsujileaks.com/media/are_240122_namechange.mp3,http://www.tsujileaks.com/wp-content/uploads/drink-300x300.jpg
3,207,S3#207,ç¬¬207å› æŒ¯ã‚Šè¿”ã‚Šã¤ã¤ã‚‚å‰ã«å‘ãã®ã‹ï¼Ÿã‚¹ãƒšã‚·ãƒ£ãƒ«ï¼,2024-01-16T20:00+09:00,2024-01-14,https://www.tsujileaks.com/?p=1672,https://www.tsujileaks.com/media/are_240115_sagasu.mp3,http://www.tsujileaks.com/wp-content/uploads/2024-300x300.jpg
3,206,S3#206,ç¬¬206å› ãƒˆãƒªãƒ—ãƒ«é•·çˆ†èª•ï¼ã‚¹ãƒšã‚·ãƒ£ãƒ«ï¼,2023-12-25T20:00+09:00,2023-12-23,https://www.tsujileaks.com/?p=1665,https://www.tsujileaks.com/media/are_231225_iruuesan.mp3,http://www.tsujileaks.com/wp-content/uploads/sac-300x300.jpg
3,205,S3#205,ç¬¬205å› æˆ‘ã€…ã‚‚ã¾ãã¾ãã‚¹ã‚¸ãƒŠã‚·ã ï¼ã‚¹ãƒšã‚·ãƒ£ãƒ«ï¼,2023-12-18T20:00+09:00,2023-12-16,https://www.tsujileaks.com/?p=1659,https://www.tsujileaks.com/media/are_231218_RealASM.mp3,http://www.tsujileaks.com/wp-content/uploads/xmas2023-300x300.jpg
3,204,S3#204,ç¬¬204å› ã‚®ãƒªã‚®ãƒªã®ç´¹ä»‹ãƒ©ã‚¤ãƒ³ãŒã‚ã‚‹ã‚“ã ãœï¼ã‚¹ãƒšã‚·ãƒ£ãƒ«ï¼,2023-12-12T20:00+09:00,2023-12-11,https://www.tsujileaks.com/?p=1655,https://www.tsujileaks.com/media/are_231212_thx.mp3,http://www.tsujileaks.com/wp-content/uploads/tsu-300x300.jpg
3,203,S3#203,ç¬¬203å› å‘¼ã°ã‚Œã¦ã¸ã‚“ã­ã‚“ï¼ã‚¹ãƒšã‚·ãƒ£ãƒ«ï¼,2023-12-04T20:00+09:00,2023-12-02,https://www.tsujileaks.com/?p=1649,https://www.tsujileaks.com/media/are_231204_SECBECCOO.mp3,http://www.tsujileaks.com/wp-content/uploads/kurokin-300x300.jpg
3,202,S3#202,ç¬¬202å› ã‚¢ã‚¤ã‚­ãƒ£ãƒƒãƒã®æ¡ˆã‚’å¤§å‹Ÿé›†ã ï¼ã‚¹ãƒšã‚·ãƒ£ãƒ«ï¼,2023-11-27T20:00+09:00,2023-11-25,https://www.tsujileaks.com/?p=1643,https://www.tsujileaks.com/media/are_231127_17B1B.mp3,http://www.tsujileaks.com/wp-content/uploads/boukango-300x300.jpg
3,201,S3#201,ç¬¬201å› ã“ã®ãƒãƒƒãƒ‰ã‚­ãƒ£ã‚¹ãƒˆã¯58åˆ†37ç§’ã§è´ã‘ã¾ã™ï¼ã‚¹ãƒšã‚·ãƒ£ãƒ«ï¼,2023-11-20T20:00+09:00,2023-11-18,https://www.tsujileaks.com/?p=1639,https://www.tsujileaks.com/media/are_231120_gonna.mp3,http://www.tsujileaks.com/wp-content/uploads/sukisukisukisukisukiyaki-300x300.jpg
3,200,S3#200,ç¬¬200å› ã“ã‚Œã¯é€šéç‚¹ãªã‚“ã ï¼ã‚¹ãƒšã‚·ãƒ£ãƒ«ï¼,2023-11-14T20:00+09:00,2023-11-12,https://www.tsujileaks.com/?p=1635,https://www.tsujileaks.com/media/are_231114_200.mp3,http://www.tsujileaks.com/wp-content/uploads/200-300x300.jpg
3,199,S3#199,ç¬¬199å› ã‚ã¨1å›ï¼ã‚¹ãƒšã‚·ãƒ£ãƒ«ï¼,2023-11-07T08:00+09:00,2023-11-05,https://www.tsujileaks.com/?p=1626,https://www.tsujileaks.com/media/are_231107_4238.mp3,http://www.tsujileaks.com/wp-content/uploads/mushroom-300x300.jpg
3,198,S3#198,ç¬¬198å› ãªã‚“ã ã‹ã‚“ã æ³¥è‡­ãè¡Œãã®ã ï¼ã‚¹ãƒšã‚·ãƒ£ãƒ«ï¼,2023-10-23T20:00+09:00,2023-10-21,https://www.tsujileaks.com/?p=1622,https://www.tsujileaks.com/media/are_231023_mrchildren.mp3,http://www.tsujileaks.com/wp-content/uploads/pf-300x300.jpg
3,197,S3#197,ç¬¬197å› å¤ã¯çµ‚ã‚ã£ãŸï¼ã‚³ãƒ³ãƒ“ãƒ‹ã«æ˜æ—¥ã¯ãªã„ï¼ã‚¹ãƒšã‚·ãƒ£ãƒ«ï¼,2023-10-10T20:00+09:00,2023-10-08,https://www.tsujileaks.com/?p=1616,https://www.tsujileaks.com/media/are_231010_nanigaiitaikatteiuto.mp3,http://www.tsujileaks.com/wp-content/uploads/appetite-300x300.jpg
3,196,S3#196,ç¬¬196å› ã‚ã¨4å›ã§200å›ã‚’è¿ãˆã‚‹ãœï¼ã‚¹ãƒšã‚·ãƒ£ãƒ«ï¼,2023-10-02T20:00+09:00,2023-09-30,https://www.tsujileaks.com/?p=1610,https://www.tsujileaks.com/media/are_231002_whyEUR.mp3,http://www.tsujileaks.com/wp-content/uploads/yakioimo-300x300.jpg
3,195,S3#195,ç¬¬195å› KEVã¨OTPã¨MFAï¼ã‚¹ãƒšã‚·ãƒ£ãƒ«ï¼,2023-09-25T20:00+09:00,2023-09-23,https://www.tsujileaks.com/?p=1606,https://www.tsujileaks.com/media/are_230926_nowareare.mp3,http://www.tsujileaks.com/wp-content/uploads/1010-300x300.jpg
3,194,S3#194,ç¬¬194å› ã‚¢ãƒ¬ã§ã™ã‚ˆï¼ã‚¢ãƒ¬ï¼ã‚¹ãƒšã‚·ãƒ£ãƒ«ï¼,2023-09-18T20:00+09:00,2023-09-15,https://www.tsujileaks.com/?p=1600,https://www.tsujileaks.com//media/are_230918_areandare.mp3,http://www.tsujileaks.com/wp-content/uploads/arechamp-300x300.jpg
3,193,S3#193,ç¬¬193å› ãã‚ãã‚ç§‹ã‚’æ„è­˜ã—ã¦ã„ããŸã„ï¼ã‚¹ãƒšã‚·ãƒ£ãƒ«ï¼,2023-09-11T20:00+09:00,2023-09-09,https://www.tsujileaks.com/?p=1595,https://www.tsujileaks.com/media/are_230911_change.mp3,http://www.tsujileaks.com/wp-content/uploads/tsukimishitemitai-300x300.jpg
3,192,S3#192,ç¬¬192å› åˆã‚ã›æŠ€ä¸€æœ¬ï¼çªæ’ƒã¨ãªã‚Šã®ã‚¢ãƒãƒ‹ãƒã‚¹ã«ç®¡ç†ç”»é¢ã‚’æ·»ãˆã¦ï¼ã‚¹ãƒšã‚·ãƒ£ãƒ«ï¼,2023-09-04T20:00+09:00,2023-09-02,https://www.tsujileaks.com/?p=1591,https://www.tsujileaks.com/media/are_230904_Aug_35.mp3,http://www.tsujileaks.com/wp-content/uploads/arohamaker-300x300.jpg
3,191,S3#191,ç¬¬191å› å½ã‚‰ãªã„å½ã‚Šã‚‚ã‚ã‚‹ã‚“ã ãœï¼ã‚¹ãƒšã‚·ãƒ£ãƒ«ï¼,2023-08-21T20:00+09:00,2023-08-20,https://www.tsujileaks.com/?p=1587,https://www.tsujileaks.com/media/are_230821_itsuari.mp3,http://www.tsujileaks.com/wp-content/uploads/bughuntjpg-300x300.jpg
3,190,S3#190,ç¬¬190å› ã©ã“ãŒã©ã†ç‹™ã‚ã‚Œã¨ã‚“ã­ã‚“ï¼ï¼Ÿã‚¹ãƒšã‚·ãƒ£ãƒ«ï¼,2023-08-14T20:00+09:00,2023-08-11,https://www.tsujileaks.com/?p=1582,https://www.tsujileaks.com/media/are_230814_3yearsStrange.mp3,http://www.tsujileaks.com/wp-content/uploads/piyogouri-300x300.jpg
3,189,S3#189,ç¬¬189å› ã„ããªã‚Šæ€¥ã«ãµã¨ä½•æ°—ãªãçªç„¶ã«ï¼ã‚¹ãƒšã‚·ãƒ£ãƒ«ï¼,2023-08-07T20:17+09:00,2023-08-05,https://www.tsujileaks.com/?p=1576,https://www.tsujileaks.com/media/are_230807_dadada.mp3,http://www.tsujileaks.com/wp-content/uploads/tsujisukui-300x300.jpg
3,188,S3#188,ç¬¬188å› äºœç¨®ã¨äºœç¨®ã¨äºœç¨®ï¼ã‚¹ãƒšã‚·ãƒ£ãƒ«ï¼,2023-07-31T20:00+09:00,2023-07-29,https://www.tsujileaks.com/?p=1569,https://www.tsujileaks.com/media/are_230731_yasuyou.mp3,http://www.tsujileaks.com/wp-content/uploads/sumomomomomomomomomomomo-300x300.jpg
3,187,S3#187,ç¬¬187å› ï¼ã‚¹ãƒšã‚·ãƒ£ãƒ«ï¼,2023-07-24T20:00+09:00,2023-07-22,https://www.tsujileaks.com/?p=1565,https://www.tsujileaks.com/media/are_230724_1000yen.mp3,http://www.tsujileaks.com/wp-content/uploads/balloon-300x300.jpg
3,186,S3#186,ç¬¬186å› é›²ã¨æ•°å­—ã‚’æ´ã¿ã¤ã¤ã®ãŠé‡‘ã®æµã‚Œã«å­¦ã¶ï¼ã‚¹ãƒšã‚·ãƒ£ãƒ«ï¼,2023-07-17T20:00+09:00,2023-07-15,https://www.tsujileaks.com/?p=1556,https://www.tsujileaks.com/media/are_230717_kowaihanashi.mp3,http://www.tsujileaks.com/wp-content/uploads/summervacation-300x300.jpg
3,185,S3#185,ç¬¬185å› ã‚¿ã‚¤ãƒˆãƒ«ä»˜ã‘å¿˜ã‚Œã‚‹ã“ã¨ã‚‚ã‚ã‚‹ã‚“ã ãœï¼ã‚¹ãƒšã‚·ãƒ£ãƒ«ï¼,2023-07-10T20:00+09:00,2023-07-08,https://www.tsujileaks.com/?p=1550,https://www.tsujileaks.com/media/are_230710_nevernote.mp3,http://www.tsujileaks.com/wp-content/uploads/gotosummer-300x300.jpg
3,184,S3#184,ç¬¬184å› ã“ã‚Œã§ã‚„ã£ã¨ã‚¹ã‚¿ãƒ¼ãƒˆãƒ©ã‚¤ãƒ³ãªã‚“ã ã®ç²¾ç¥ã§ï¼ã‚¹ãƒšã‚·ãƒ£ãƒ«ï¼,2023-07-03T20:00+09:00,2023-07-01,https://www.tsujileaks.com/?p=1543,https://www.tsujileaks.com/media/are_230703_openingsong.mp3,http://www.tsujileaks.com/wp-content/uploads/c-300x300.jpg
3,183,S3#183,ç¬¬183å› ã„ã¤ã‚‚è´ã„ã¦ãã‚Œã¦ã‚¢ãƒ¬ãŒã¨ã†ã–ã„ã¾ã‚¹ãƒšã‚·ãƒ£ãƒ«ï¼,2023-06-26T20:00+09:00,2023-06-24,https://www.tsujileaks.com/?p=1535,https://www.tsujileaks.com/media/are_230626_mosquito.mp3,http://www.tsujileaks.com/wp-content/uploads/tuyu2-300x300.jpg
3,182,S3#182,ç¬¬182å› æ„›ã®ã¾ã¾ã«ã‚ãŒã¾ã¾ã«ã‚¢ãƒ¬ã¯ã‚¢ãƒ¬ã ã‘ã‚’ã‚¢ãƒ¬ã—ãªã„ï¼ã‚¹ãƒšã‚·ãƒ£ãƒ«,2023-06-12T20:00+09:00,2023-06-12,https://www.tsujileaks.com/?p=1530,https://www.tsujileaks.com/media/are_230611_yubikiri.mp3,http://www.tsujileaks.com/wp-content/uploads/tsuyu-300x300.jpg
3,181,S3#181,ç¬¬181å› éœ²å‡ºï¼éœ²å‡ºï¼ã§ã§ã‚“ã§ã‚“ã§ã§ã‚“ï¼ã‚¹ãƒšã‚·ãƒ£ãƒ«,2023-06-05T20:00+09:00,2023-06-03,https://www.tsujileaks.com/?p=1514,https://www.tsujileaks.com/media/are_230605_kpMAX.mp3,http://www.tsujileaks.com/wp-content/uploads/sweets-300x300.jpg
3,180,S3#180,ç¬¬180å› æƒ³èµ·ã•ã›ã‚‹ã®ãŒ2ã¤ã¨å¤‰åŒ–ã®å…†ã—ãŒ1ã¤ï¼ã‚¹ãƒšã‚·ãƒ£ãƒ«,2023-05-29T20:00+09:00,2023-05-27,https://www.tsujileaks.com/?p=1505,https://www.tsujileaks.com/media/are_230529_playback2.mp3,http://www.tsujileaks.com/wp-content/uploads/ufo-300x300.jpg
3,179,S3#179,ç¬¬179å› ç¶šãã¯ã©ã“ã‹ã®ã‚»ãƒŸãƒŠãƒ¼ã§ï¼ã‚¹ãƒšã‚·ãƒ£ãƒ«,2023-05-15T20:00+09:00,2023-05-13,https://www.tsujileaks.com/?p=1495,https://www.tsujileaks.com/media/are_230515_nothing.mp3,http://www.tsujileaks.com/wp-content/uploads/aiw-300x300.jpg
3,178,S3#178,ç¬¬178å› ç—›å¿«ãªã‚Šã‚†ããƒãƒƒãƒ‰ã‚­ãƒ£ã‚¹ãƒˆï¼ã‚¹ãƒšã‚·ãƒ£ãƒ«,2023-05-08T20:00+09:00,2023-05-07,https://www.tsujileaks.com/?p=1492,https://www.tsujileaks.com/media/are_230509_tsuukainariyuki.mp3,http://www.tsujileaks.com/wp-content/uploads/BBQ-300x300.jpg
3,177,S3#177,ç¬¬177å› ãƒãƒ©ãƒãƒ©åç§°ï¼è‰²ã€…ãƒã‚§ãƒ¼ãƒ³ï¼ã‚¹ãƒšã‚·ãƒ£ãƒ«,2023-04-24T20:02+09:00,2023-04-22,https://www.tsujileaks.com/?p=1486,https://www.tsujileaks.com/media/are_230423_WanderleiSilva.mp3,http://www.tsujileaks.com/wp-content/uploads/nyancat-300x300.jpg
3,176,S3#176,ç¬¬176å› é»’çŒ« in NYï¼å½ã‚¨ãƒ©ãƒ¼ã¨ä¸æ­£åˆ©ç”¨ã®é¡›æœ«ã¯ï¼Ÿã‚¹ãƒšã‚·ãƒ£ãƒ«,2023-04-17T20:00+09:00,2023-04-16,https://www.tsujileaks.com/?p=1481,https://www.tsujileaks.com/media/are_230417_DQ1-3.mp3,http://www.tsujileaks.com/wp-content/uploads/bokutachinomunara-300x300.jpg
3,175,S3#175,ç¬¬175å› ãã‚“ãªãƒã‚¸ãƒ¡ã§å¤§ä¸ˆå¤«ã‹ï¼Ÿã‚¹ãƒšã‚·ãƒ£ãƒ«,2023-04-10T20:00+09:00,2023-04-08,https://www.tsujileaks.com/?p=1474,https://www.tsujileaks.com/media/are_230409_internetyamemasuka.mp3,http://www.tsujileaks.com/wp-content/uploads/fuwa-300x300.jpg
3,174,S3#174,ç¬¬174å› éå»ã‚¤ãƒç››ã‚Šä¸ŠãŒã£ãŸã£ã½ã„ãŒç†ç”±ã¯åˆ†ã‹ã‚‰ã‚“ï¼ã‚¹ãƒšã‚·ãƒ£ãƒ«,2023-04-03T20:00+09:00,2023-04-01,https://www.tsujileaks.com/?p=1471,https://www.tsujileaks.com/media/are_230403_yamiup.mp3,http://www.tsujileaks.com/wp-content/uploads/syunmin.jpg
3,173,S3#173,ç¬¬173å› æ˜¥ã§ã™ã­ï¼è¶³ä¸Šã’ãŸã‚‰çˆ†ç™ºã™ã‚‹ã§ï¼ã‚¹ãƒšã‚·ãƒ£ãƒ«,2023-03-27T20:00+09:00,2023-03-25,https://www.tsujileaks.com/?p=1461,https://www.tsujileaks.com/media/are_230327_stoukaku.mp3,http://www.tsujileaks.com/wp-content/uploads/sakurasakura-300x300.jpg
3,172,S3#172,ç¬¬172å› ä»Šæ—¥ã¯2äººãªã®ã‹ï¼ŸæŠœã‘æ¼ã‚Œãƒ–ãƒ¬ãšã«åˆ†ã‹ã‚Šæ˜“ãï¼ã‚¹ãƒšã‚·ãƒ£ãƒ«,2023-03-20T20:00+09:00,2023-03-18,https://www.tsujileaks.com/?p=1453,https://www.tsujileaks.com/media/are_230320_iutetawa.mp3,http://www.tsujileaks.com/wp-content/uploads/hanadan-300x300.jpg
3,171,S3#171,ç¬¬171å› ã§ã‹ã‚¨ãƒ¢ã¨ã‚«ãƒãƒ¼ç¯„å›²ã®ã‚¢ãƒ¬ã‚¿ã‚¤ãƒ ã‚ºï¼ã‚¹ãƒšã‚·ãƒ£ãƒ«,2023-03-14T20:00+09:00,2023-03-12,https://www.tsujileaks.com/?p=1448,https://www.tsujileaks.com/media/are_2303114_bakibaki.mp3,http://www.tsujileaks.com/wp-content/uploads/wbc-300x300.jpg
3,170,S3#170,ç¬¬170å› ã“ã®ã‚¢ãƒ¬ãŒãƒ–ãƒ­ãƒƒã‚¯ã•ã‚Œã¦ã¾ã—ãŸï¼ã‚¹ãƒšã‚·ãƒ£ãƒ«,2023-03-06T20:00+09:00,2023-03-04,https://www.tsujileaks.com/?p=1443,https://www.tsujileaks.com/media/are_230306_securitynoara.mp3,http://www.tsujileaks.com/wp-content/uploads/S__342482972-300x300.jpg
3,169,S3#169,ç¬¬169å› è²¬ä»»ã®æ‰€åœ¨ã®æ‚©ã¾ã—ã‚ã‚‰ã¾ã—ï¼ã‚¹ãƒšã‚·ãƒ£ãƒ«,2023-02-20T20:00+09:00,2023-02-18,https://www.tsujileaks.com/?p=1437,https://www.tsujileaks.com/media/are_230219_nankai.mp3,http://www.tsujileaks.com/wp-content/uploads/ume-300x300.jpg
3,168,S3#168,ç¬¬168å› ãƒ­ãƒãƒ³ã‚¹ã‚«ãƒ«ãƒ†é›†è¨ˆï¼æ„›ã«æ°—ä»˜ã„ã¦ãã ã•ã„ï¼ã‚¹ãƒšã‚·ãƒ£ãƒ«,2023-02-14T20:00+09:00,2023-02-12,https://www.tsujileaks.com/?p=1427,https://www.tsujileaks.com/media/are_230213_OnTheOtherHand.mp3,http://www.tsujileaks.com/wp-content/uploads/vd2023-300x300.jpg
3,167,S3#167,ç¬¬167å› LINEã‚¹ã‚¿ãƒ³ãƒ—3å›ã®ãƒªã‚¸ã‚§ã‚¯ãƒˆä¹—ã‚Šè¶Šãˆè²©å£²é–‹å§‹ã ï¼ã‚¹ãƒšã‚·ãƒ£ãƒ«,2023-02-07T20:00+09:00,2023-02-05,https://www.tsujileaks.com/?p=1420,https://www.tsujileaks.com/media/are_230207_LINEstampNowOnSale.mp3,http://www.tsujileaks.com/wp-content/uploads/snow-1-300x300.jpg
3,166,S3#166,ç¬¬166å› å¯èµ·ãã¨å°ãƒã‚¿ã¨å¤‰æ›´ãƒ­ã‚°ã¨ï¼ã‚¹ãƒšã‚·ãƒ£ãƒ«,2023-01-30T20:00+09:00,2023-01-28,https://www.tsujileaks.com/?p=1410,https://www.tsujileaks.com/media/are_230130_mikan.mp3,http://www.tsujileaks.com/wp-content/uploads/S__340500485-300x300.jpg
3,165,S3#165,ç¬¬165å› å¿˜ã‚ŒãŸé ƒã«ãƒ›ãƒ©ãƒ›ãƒ©ãƒ›ãƒ©ï¼ã‚¹ãƒšã‚·ãƒ£ãƒ«,2023-01-23T20:00+09:00,2023-01-21,https://www.tsujileaks.com/?p=1404,https://www.tsujileaks.com/media/are_230123_gakko.mp3,http://www.tsujileaks.com/wp-content/uploads/hot-300x300.jpg
3,164,S3#164,ç¬¬164å› ç©ºå‰çµ¶å¾Œã®è‰²ã€…é›†è¨ˆä¸‰æ˜§ï¼ã‚¹ãƒšã‚·ãƒ£ãƒ«,2023-01-16T20:00+09:00,2023-01-14,https://www.tsujileaks.com/?p=1400,https://www.tsujileaks.com/media/are_230116_henna.mp3,http://www.tsujileaks.com/wp-content/uploads/takokango-300x300.jpg
3,163,S3#163,ç¬¬163å› ä»¤å’Œ5å¹´ï¼ä»Šå¹´ãŒã¯ã˜ã¾ã£ã¦ã¾ã™ï¼ã‚¹ãƒšã‚·ãƒ£ãƒ«,2023-01-09T20:00+09:00,2023-01-07,https://www.tsujileaks.com/?p=1389,https://www.tsujileaks.com/media/are_230109_yoh.mp3,http://www.tsujileaks.com/wp-content/uploads/aremashite-300x300.jpg
3,162,S3#162,ç¬¬162å› å®¤é•·ã¯ãƒã‚¯é•·ã§ãƒã‚¯é•·ã¯å®¤é•·ãªã®ã ï¼ã‚¹ãƒšã‚·ãƒ£ãƒ«,2022-12-26T20:00+09:00,2022-12-24,https://www.tsujileaks.com/?p=1381,https://www.tsujileaks.com/media/are_221226_tawara.mp3,http://www.tsujileaks.com/wp-content/uploads/Co-Nexus_D-300x300.jpg
3,161,S3#161,ç¬¬161å› é€šå¸¸å›ã¯å¹´å†…æœ€å¾Œã ï¼ã‚¹ãƒšã‚·ãƒ£ãƒ«,2022-12-20T20:00+09:00,2022-12-18,https://www.tsujileaks.com/?p=1374,https://www.tsujileaks.com/media/are_221220_areandare.mp3,http://www.tsujileaks.com/wp-content/uploads/xmas-300x300.jpg
3,160,S3#160,ç¬¬160å› ãšã£ã¨å–‹ã‚‹ã‚ˆï¼ã‚¹ãƒšã‚·ãƒ£ãƒ«,2022-12-12T20:00+09:00,2022-12-10,https://www.tsujileaks.com/?p=1368,https://www.tsujileaks.com/media/are_221212_tadaima.mp3,http://www.tsujileaks.com/wp-content/uploads/arebucks-300x300.jpg
3,159,S3#159,ç¬¬159å› è„†å¼±æ€§ãƒãƒ©ã‚½ãƒ³ï¼æœ€å¾Œã«ã—ãŸã„ãŒã€ã‚‚ã†ã¡ã£ã¨ã ã‘ç¶šãã‚“ã˜ã‚ƒï¼ã‚¹ãƒšã‚·ãƒ£ãƒ«,2022-12-05T20:00+09:00,2022-12-03,https://www.tsujileaks.com/?p=1364,https://www.tsujileaks.com/media/are_221205_akusasa.mp3,http://www.tsujileaks.com/wp-content/uploads/1669800645275-300x300.jpg
3,158,S3#158,ç¬¬158å› å‚™ãˆã‚ˆå¸¸ã«ï¼OEMã§SDKå•é¡Œã«ãƒ–ãƒ«ãƒ«ãƒ³ãƒ‘ãƒ³ãƒ€ï¼ã‚¹ãƒšã‚·ãƒ£ãƒ«,2022-11-28T20:00+09:00,2022-11-26,https://www.tsujileaks.com/?p=1358,https://www.tsujileaks.com/media/are_221127_esetogiji.mp3,http://www.tsujileaks.com/wp-content/uploads/aremanju-300x300.jpg
3,157,S3#157,ç¬¬157å› ã‚¢ãƒ¬ç„¼ãé…ã‚‹ä¼šã‚’ã™ã‚‹æ—¥ã‚’å¤¢è¦‹ã¦ï¼ã‚¹ãƒšã‚·ãƒ£ãƒ«,2022-11-22T20:00+09:00,2022-11-20,https://www.tsujileaks.com/?p=1352,https://www.tsujileaks.com/media/are_221122_hanbou.mp3,http://www.tsujileaks.com/wp-content/uploads/maron-300x300.jpg
3,156,S3#156,ç¬¬156å› å¥½ããªã‚‚ã®ã‹ã‚‰é£Ÿã¹ã‚ˆã†ï¼ã‚¹ãƒšã‚·ãƒ£ãƒ«,2022-11-08T12:30+09:00,2022-11-06,https://www.tsujileaks.com/?p=1347,https://www.tsujileaks.com/media/are_221107_nBefore.mp3,http://www.tsujileaks.com/wp-content/uploads/temotojouhouwariai-300x202.png
3,155,S3#155,ç¬¬155å› ãƒ€ãƒ–ãƒ«ã‚½ãƒ ãƒªã‚¨ã¨æƒ…å ±è€æ€§ï¼ã‚¹ãƒšã‚·ãƒ£ãƒ«,2022-10-31T20:00+09:00,2022-10-29,https://www.tsujileaks.com/?p=1342,https://www.tsujileaks.com/media/are_221031_compower.mp3,http://www.tsujileaks.com/wp-content/uploads/1663954310268-300x300.jpg
3,154,S3#154,ç¬¬154å› ãƒªã‚¯ã‚¨ã‚¹ãƒˆã«ãŠå¿œãˆã¨å°ãƒã‚¿3ã¤ã¨é’ã„å‡ºè¡€ï¼ã‚¹ãƒšã‚·ãƒ£ãƒ«,2022-10-25T20:00+09:00,2022-10-23,https://www.tsujileaks.com/?p=1337,https://www.tsujileaks.com/media/are_221025_recipe.mp3,http://www.tsujileaks.com/wp-content/uploads/art_are-300x300.jpg
3,153,S3#153,ç¬¬153å› å¸°ã£ã¦ããŸã‹ã‚‰å¸°ã£ã¦ããŸãœï¼ã‚¹ãƒšã‚·ãƒ£ãƒ«,2022-10-17T20:00+09:00,2022-10-15,https://www.tsujileaks.com/?p=1330,https://www.tsujileaks.com/media/are_221017_36.938189896535064_138.81274701707304.mp3,http://www.tsujileaks.com/wp-content/uploads/onsen-300x300.jpg
3,152,S3#152,ç¬¬152å› ã‚½ãƒ ãƒªã‚¨ã®å—œã¿ã¨æ–‡æ›¸ç®¡ç†ã®é‡è¦æ€§ï¼å¸‚å ´ï¼Ÿå²ä¸Šï¼Ÿåˆï¼ï¼ã‚¹ãƒšã‚·ãƒ£ãƒ«,2022-10-03T20:00+09:00,2022-10-01,https://www.tsujileaks.com/?p=1325,https://www.tsujileaks.com/media/are_221003_ikinari.mp3,http://www.tsujileaks.com/wp-content/uploads/imohori-300x300.jpg
3,151,S3#151,ç¬¬151å› ãƒªã‚¹ãƒˆå‹ã®å½±ï¼å›½å®¶èƒŒæ™¯ã®ãƒã‚¤ãƒˆã¨é€šçŸ¥ã†ã–ã†ã–è©æ¬ºï¼ã‚¹ãƒšã‚·ãƒ£ãƒ«,2022-09-26T20:00+09:00,2022-09-24,https://www.tsujileaks.com/?p=1321,https://www.tsujileaks.com/media/are_220926_tanpakuwanpaku.mp3,http://www.tsujileaks.com/wp-content/uploads/barare-300x300.png
3,150,S3#150,ç¬¬150å› ã‚¢ãƒ¬ã‹ã¶ã‚Šï¼çš†ã•ã‚“ã®ä½œæ¥­BGMã¯ãªã‚“ã§ã™ã‹ï¼Ÿã‚¹ãƒšã‚·ãƒ£ãƒ«,2022-09-19T20:00+09:00,2022-09-17,https://www.tsujileaks.com/?p=1314,https://www.tsujileaks.com/media/are_220919_arekaburi.mp3,http://www.tsujileaks.com/wp-content/uploads/v-300x210.png
3,149,S3#149,ç¬¬149å› ä»Šå›ã‚‚çœŸé¢ç›®ã§ã™ï¼ã‚¹ãƒšã‚·ãƒ£ãƒ«,2022-09-12T20:00+09:00,2022-09-10,https://www.tsujileaks.com/?p=1308,https://www.tsujileaks.com/media/are_20220912_juicy.mp3,http://www.tsujileaks.com/wp-content/uploads/pt-300x230.png
3,148,S3#148,ç¬¬148å› å…±å­˜ãƒ»å…±æ „ãƒ»å…±æœ‰ï¼ã‚¹ãƒšã‚·ãƒ£ãƒ«,2022-09-06T20:00+09:00,2022-09-04,https://www.tsujileaks.com/?p=1303,https://www.tsujileaks.com/media/are_220906_meijin.mp3,http://www.tsujileaks.com/wp-content/uploads/shared-folder.png
3,147,S3#147,ç¬¬147å› ã‚²ãƒ¼ãƒ ã‚‚ã‚„ã‚ã†ï¼éå»æ¯”è¼ƒã‚‚ã—ã‚ˆã†ï¼æœŸå¾…ã—ã‚ˆã†ï¼ã‚¹ãƒšã‚·ãƒ£ãƒ«,2022-08-29T20:00+09:00,2022-08-27,https://www.tsujileaks.com/?p=1296,https://www.tsujileaks.com/media/are_220829_3.mp3,http://www.tsujileaks.com/wp-content/uploads/sohiyaudon-227x300.png
3,146,S3#146,ç¬¬146å› ãŠç›†æ˜ã‘ï¼ã„ã‹ãŒãŠéã”ã—ã§ã—ãŸã‹ï¼Ÿã‚¹ãƒšã‚·ãƒ£ãƒ«,2022-08-22T20:00+09:00,2022-08-20,https://www.tsujileaks.com/?p=1287,https://www.tsujileaks.com/media/are_220822_signalnowa.mp3,http://www.tsujileaks.com/wp-content/uploads/famikara01-300x170.jpg
3,145,S3#145,ç¬¬145å› ä»Šæ—¥ã‹ã‚‰ã“ã®ãƒãƒƒãƒ‰ã‚­ãƒ£ã‚¹ãƒˆã¯ã€TLP:CLEARã ï¼ã‚¹ãƒšã‚·ãƒ£ãƒ«,2022-08-08T20:00+09:00,2022-08-06,https://www.tsujileaks.com/?p=1276,https://www.tsujileaks.com/media/are_220808_1stTime.mp3,http://www.tsujileaks.com/wp-content/uploads/TLPC.png
3,144,S3#144,ç¬¬144å› æ¡ä¾‹æ”¹æ­£ã¨ãƒã‚¯ãƒ­é®æ–­ã¨å…¨éƒ¨ä¹—ã›æ¼æ´©ã®å½±éŸ¿ï¼ã‚¹ãƒšã‚·ãƒ£ãƒ«,2022-08-01T20:00+09:00,2022-07-30,https://www.tsujileaks.com/?p=1271,https://www.tsujileaks.com/media/are_220801_higayakko.mp3,http://www.tsujileaks.com/wp-content/uploads/hamon-300x200.jpg
3,143,S3#143,ç¬¬143å› å‹æ‰‹ã«ä¸­ç¶™ç‚¹ï¼æ–°ãŸãªãƒãƒ©ãƒã‚­ã¨æ­¢ã¾ã£ãŸãƒ©ãƒ³ã‚µãƒ ï¼ã‚¹ãƒšã‚·ãƒ£ãƒ«,2022-07-25T20:00+09:00,2022-07-23,https://www.tsujileaks.com/?p=1265,https://www.tsujileaks.com/media/are_220725_tanktop.mp3,http://www.tsujileaks.com/wp-content/uploads/tanktop-300x247.png
3,142,S3#142,ç¬¬142å› é‡£ã‚Šã¨ç€ç«ç‚¹ï¼ã‚¹ãƒšã‚·ãƒ£ãƒ«,2022-07-19T20:00+09:00,2022-07-17,https://www.tsujileaks.com/?p=1261,https://www.tsujileaks.com/media/are_220719_macmount.mp3,http://www.tsujileaks.com/wp-content/uploads/mm-300x296.png
3,141,S3#141,ç¬¬141å› å£Šã‚Œã‚‹ã»ã©Mac Miniä½¿ã£ã¦ã—ã‚‚ã¦ãŸï¼ã‚¹ãƒšã‚·ãƒ£ãƒ«,2022-07-11T20:00+09:00,2022-07-09,https://www.tsujileaks.com/?p=1254,https://www.tsujileaks.com/media/are_220711_2genius.mp3,http://www.tsujileaks.com/wp-content/uploads/MminiB-300x300.png
3,140,S3#140,ç¬¬140å› å£Šã‚Œã‚‹ã»ã©æ³¨æ„å–šèµ·ã—ã¦ã‚‚1/3ã‚‚ä¼ã‚ã‚‰ãªã„ã¨ã„ã†æ°—æŒã¡ã§ï¼ã‚¹ãƒšã‚·ãƒ£ãƒ«,2022-07-04T20:00+09:00,2022-07-02,https://www.tsujileaks.com/?p=1248,https://www.tsujileaks.com/media/are_220704_HonBuchoDairi.mp3,http://www.tsujileaks.com/wp-content/uploads/goodguy-300x180.jpg
3,139,S3#139,ç¬¬139å› ã‚¹ãƒ”ãƒ¼ãƒ‰æ¢…é›¨æ˜ã‘ï¼è¦–ç‚¹è«–ç‚¹ï¼ã‚¹ãƒšã‚·ãƒ£ãƒ«,2022-06-28T20:00+09:00,2022-06-26,https://www.tsujileaks.com/?p=1243,https://www.tsujileaks.com/media/are_220628_nndknd.mp3,http://www.tsujileaks.com/wp-content/uploads/chagashi-300x231.png
3,138,S3#138,ç¬¬138å› ã‚ã‚‹ã‚ã‚‹å‹Ÿé›†ã¨è¬è‰ãƒ—ãƒ­ã‚¸ã‚§ã‚¯ãƒˆå§‹å‹•ï¼ã‚¹ãƒšã‚·ãƒ£ãƒ«,2022-06-20T20:00+09:00,2022-06-18,https://www.tsujileaks.com/?p=1237,https://www.tsujileaks.com/media/are_220620_hamoge.mp3,http://www.tsujileaks.com/wp-content/uploads/nazokusa-225x300.jpg
3,137,S3#137,ç¬¬137å› KEVå¤§å¥½ãï¼ã‹ã‚‰ã®ãƒ‘ã‚¹ãƒ¯ãƒ¼ãƒ‰ãƒã‚¿ä¸‰é€£ç™ºï¼ã‚¹ãƒšã‚·ãƒ£ãƒ«,2022-06-13T20:00+09:00,2022-06-11,https://www.tsujileaks.com/?p=1232,https://www.tsujileaks.com/media/are_220613_konayatabetai.mp3,http://www.tsujileaks.com/wp-content/uploads/ebiten-300x200.jpg
3,136,S3#136,ç¬¬136å› in å¤ªé™½ã¨åŸƒï¼ã‚¹ãƒšã‚·ãƒ£ãƒ«,2022-06-06T20:00+09:00,2022-06-04,https://www.tsujileaks.com/?p=1226,https://www.tsujileaks.com/media/are_220606_ilovetranslation.mp3,http://www.tsujileaks.com/wp-content/uploads/tro-298x300.png
3,135,S3#135,ç¬¬135å› ãŸã ã„ã¾ï¼16+3æ™‚é–“å¯ã¦ã—ã¾ã£ãŸãœï¼ã‚¹ãƒšã‚·ãƒ£ãƒ«,2022-05-31T08:00+09:00,2022-05-29,https://www.tsujileaks.com/?p=1221,https://www.tsujileaks.com/media/are_220531_result20.mp3,http://www.tsujileaks.com/wp-content/uploads/log-300x270.png
3,134,S3#134,ç¬¬134å› è„…å¨ Insideï¼é©šç•° besideï¼ã‚¹ãƒšã‚·ãƒ£ãƒ«,2022-05-23T20:00+09:00,2022-05-21,https://www.tsujileaks.com/?p=1216,https://www.tsujileaks.com/media/are_220523_insidebeside.mp3,http://www.tsujileaks.com/wp-content/uploads/dryer-300x237.png
3,133,S3#133,ç¬¬133å› å……ã¡ã‚‹ãƒ¬ãƒãƒ¼ãƒˆï¼ã‚¢ãƒƒãƒ—ãƒ‡ãƒ¼ãƒˆã•ã‚Œã‚‹å°ãƒã‚¿ï¼äº¤æ¸‰ã®å®Ÿæ…‹ï¼ã‚¹ãƒšã‚·ãƒ£ãƒ«,2022-05-16T20:00+09:00,2022-05-14,https://www.tsujileaks.com/?p=1211,https://www.tsujileaks.com/media/are_20220516_CMYB.mp3,http://www.tsujileaks.com/wp-content/uploads/8318ac74d5e68a810cfed71bd58a4389-244x300.png
3,132,S3#132,ç¬¬132å› ã•ã£ãã¾ã§äº”æœˆç—…ï¼ã‚¹ãƒšã‚·ãƒ£ãƒ«,2022-05-09T20:00+09:00,2022-05-07,https://www.tsujileaks.com/?p=1205,https://www.tsujileaks.com/media/are_220509_NPOWER.mp3,http://www.tsujileaks.com/wp-content/uploads/bluebird.jpg
3,131,S3#131,ç¬¬131å› ç¶šã‘ã‚‹ã“ã¨ã‚ˆã‚Šã‚‚æ­¢ã‚ãªã„ã“ã¨ã®å¤§åˆ‡ã•ï¼ã‚¹ãƒšã‚·ãƒ£ãƒ«,2022-04-25T20:00+09:00,2022-04-23,https://www.tsujileaks.com/?p=1201,https://www.tsujileaks.com/media/are_220425_curryRamen.mp3,http://www.tsujileaks.com/wp-content/uploads/caroline-attwood-QLjeFvxpdxc-unsplash-300x169.jpg
3,130,S3#130,ç¬¬130å› ãƒ¢ãƒ¤ãƒ¢ãƒ¤ã™ã‚‹ã‹ã‚‰ã“ãç¶šã‘ãŸã„æ—…ãŒã‚ã‚‹ï¼ã‚¹ãƒšã‚·ãƒ£ãƒ«,2022-04-18T20:00+09:00,2022-04-16,https://www.tsujileaks.com/?p=1196,https://www.tsujileaks.com/media/are_220418_sampojapan1yearAniv.mp3,http://www.tsujileaks.com/wp-content/uploads/t.png
3,129,S3#129,ç¬¬129å› é©šç•°ã®è„…å¨ï¼é¢¨ã¨ãƒªãƒ¼ã‚¯ã¨ãƒ†ã‚¤ã‚¯ãƒ€ã‚¦ãƒ³ï¼ã‚¹ãƒšã‚·ãƒ£ãƒ«,2022-04-11T20:00+09:00,2022-04-09,https://www.tsujileaks.com/?p=1189,https://www.tsujileaks.com/media/are_220411_pang4yau5.mp3,http://www.tsujileaks.com/wp-content/uploads/plus6-300x207.png
3,128,S3#128,ç¬¬128å› ãã†ã„ãˆã°æ–°å¹´åº¦ã¯ã˜ã¾ã£ã¦ã¾ã™ï¼ã‚¹ãƒšã‚·ãƒ£ãƒ«,2022-04-04T20:00+09:00,2022-04-02,https://www.tsujileaks.com/?p=1183,https://tsujileaks.com/media/are_220404_greoka.mp3,http://www.tsujileaks.com/wp-content/uploads/wjs-300x188.png
3,127,S3#127,ç¬¬127å› è‰²ã€…ã§æ§˜ã€…ãªæ‰‹å£ã«BECã‚‰ã“ã„ãŸï¼ã‚¹ãƒšã‚·ãƒ£ãƒ«,2022-03-28T20:00+09:00,2022-03-26,https://www.tsujileaks.com/?p=1178,https://www.tsujileaks.com/media/are_220328_shikujiri.mp3,http://www.tsujileaks.com/wp-content/uploads/in-296x300.png
3,126,S3#126,ç¬¬126å› ãƒ„ãƒ¼ãƒ«ã¨ãƒ¬ãƒãƒ¼ãƒˆã¨ã‚µãƒœã‚¿ãƒ¼ã‚¸ãƒ¥ï¼ã‚¹ãƒšã‚·ãƒ£ãƒ«,2022-03-21T20:00+09:00,2022-03-19,https://www.tsujileaks.com/?p=1169,https://www.tsujileaks.com/media/are_220321_souhou.mp3,http://www.tsujileaks.com/wp-content/uploads/p-300x169.jpg
3,125,S3#125,ç¬¬125å› ä»Šå›ã¾ã§ã¯ã€ã‚†ãã‚¢ãƒ¬ï¼ã‚¹ãƒšã‚·ãƒ£ãƒ«,2022-03-15T01:47+09:00,2022-03-13,https://www.tsujileaks.com/?p=1161,https://www.tsujileaks.com/media/are_220315_areikuyokuruyo.mp3,http://www.tsujileaks.com/wp-content/uploads/WeareARE-300x150.png
3,124,S3#124,ç¬¬124å› ãŠã‚ã§ã¨ã†ã‚’ã‚ã‚ŠãŒã¨ã†ã€‚ã‚¹ãƒšã‚·ãƒ£ãƒ«,2022-03-07T20:00+09:00,2022-03-05,https://www.tsujileaks.com/?p=1156,https://www.tsujileaks.com/media/are_220307_aresama.mp3,http://www.tsujileaks.com/wp-content/uploads/circle_Are-300x300.png
3,123,S3#123,ç¬¬123å› ç„¡æ„è­˜ç„¡æƒ³ã«ã­ã˜æ›²ã’ãƒ‡ã‚£ã‚¹ã‚³ï¼ã‚¹ãƒšã‚·ãƒ£ãƒ«,2022-02-21T20:00+09:00,2022-02-19,https://www.tsujileaks.com/?p=1148,https://www.tsujileaks.com/media/are_220221_iiwasure.mp3,http://www.tsujileaks.com/wp-content/uploads/td-300x206.png
3,122,S3#122,ç¬¬122å› CVSSã¨èªè¨¼é–¢ä¿‚ã«ã‚·ãƒ£ãƒ©ãƒ©ãƒ©ï¼ã‚¹ãƒšã‚·ãƒ£ãƒ«,2022-02-14T20:00+09:00,2022-02-12,https://www.tsujileaks.com/?p=1137,https://www.tsujileaks.com/media/are_220214_utahime.mp3,http://www.tsujileaks.com/wp-content/uploads/2-300x264.png
3,121,S3#121,ç¬¬121å› ä»Šå›ã€ã‚ãªãŸã«ã¨ã£ã¦ã®çå‘³ã¯ã‚ã‚Šã¾ã—ãŸã‹ï¼Ÿã‚¹ãƒšã‚·ãƒ£ãƒ«,2022-02-07T20:00+09:00,2022-02-05,https://www.tsujileaks.com/?p=1125,https://www.tsujileaks.com/media/are_220207_weareare.mp3,http://www.tsujileaks.com/wp-content/uploads/tekken-218x300.png
3,120,S3#120,ç¬¬120å› DDoSã«ã¡ã‚‡ã£ã´ã‚Šãƒ©ãƒ³ã‚µãƒ ï¼å›½ä¼šã‚‚ã‚ã‚‹ã‚ˆï¼ã‚¹ãƒšã‚·ãƒ£ãƒ«,2022-01-31T20:00+09:00,2022-01-29,https://www.tsujileaks.com/?p=1120,https://www.tsujileaks.com/media/are_220131_WC.mp3,http://www.tsujileaks.com/wp-content/uploads/wc-300x287.png
3,119,S3#119,ç¬¬119å› è©±ã™ãƒã‚¿ã«é–¢ä¿‚ãªãå¤§ä½“ã„ã¤ã‚‚åŒã˜æ™‚é–“ã«ãªã£ã¦ã‚‹ãªï¼ã‚¹ãƒšã‚·ãƒ£ãƒ«ï¼,2022-01-24T20:00+09:00,2022-01-22,https://www.tsujileaks.com/?p=1115,https://www.tsujileaks.com/media/are_220124_carmen.mp3,http://www.tsujileaks.com/wp-content/uploads/fakec-294x300.png
3,118,S3#118,ç¬¬118å› è¦‹ã¦ã‚‹ãMixï¼ã§ã‚„ã§ã‚„ã§ãƒ¼ã‚„ï¼ã‚¹ãƒšã‚·ãƒ£ãƒ«ï¼,2022-01-18T20:00+09:00,2022-01-16,https://www.tsujileaks.com/?p=1111,https://www.tsujileaks.com/media/are_220118_dreamMask.mp3,http://www.tsujileaks.com/wp-content/uploads/dj-300x187.png
3,117,S3#117,ç¬¬117å› äºŒåº¦ç›®ã®æ–°å¹´ã ï¼ã‚¹ãƒšã‚·ãƒ£ãƒ«ï¼,2022-01-11T20:00+09:00,2022-01-08,https://www.tsujileaks.com/?p=1105,https://www.tsujileaks.com/media/are_220111_AI.mp3,http://www.tsujileaks.com/wp-content/uploads/tipan-300x218.png
3,116,S3#116,ç¬¬116å› å®¤é•·ï¼ä¸æ­»é•·ï¼ï¼Ÿãƒã‚¯ã‚µã‚¹é•·ï¼ã‚¹ãƒšã‚·ãƒ£ãƒ«ï¼,2021-12-27T20:00+09:00,2021-12-25,https://www.tsujileaks.com/?p=1099,https://www.tsujileaks.com/media/are_211227_nexus.mp3,http://www.tsujileaks.com/wp-content/uploads/tawara-300x225.jpg
3,115,S3#115,ç¬¬115å› å¤§ããªå‹•ãã®å½±ã§ï¼ã‚¹ãƒšã‚·ãƒ£ãƒ«ï¼,2021-12-20T20:00+09:00,2021-12-18,https://www.tsujileaks.com/?p=1094,https://www.tsujileaks.com/media/are_211220_hahaha.mp3,http://www.tsujileaks.com/wp-content/uploads/shadow_hide-185x300.jpg
3,114,S3#114,ç¬¬114å› ç¹‹ãé–ã€æ–­ã¤é–ï¼DDoSã‚½ãƒ ãƒªã‚¨ã¨piyolog4jï¼ã‚¹ãƒšã‚·ãƒ£ãƒ«ï¼,2021-12-13T20:08+09:00,2021-12-11,https://www.tsujileaks.com/?p=1084,https://www.tsujileaks.com/media/are_211213_are4j.mp3,http://www.tsujileaks.com/wp-content/uploads/705062-300x300.png
3,113,S3#113,ç¬¬113å› æœ¬ç·¨ã‚ˆã‚Šç‰¹å…¸ã®ã»ã†ãŒæœ¬ç·¨ã«æ€ãˆã‚‹æ„Ÿè¦šã£ã¦ã‚ã‚‹ã‚ˆãªï¼ã‚¹ãƒšã‚·ãƒ£ãƒ«ï¼,2021-12-06T20:00+09:00,2021-12-04,https://www.tsujileaks.com/?p=1077,https://www.tsujileaks.com/media/are_211206_CIO.mp3,http://www.tsujileaks.com/wp-content/uploads/salt-300x300.png
3,112,S3#112,ç¬¬112å› åéŒ²ä¸­ã«ã‚³ãƒ¼ãƒ’ãƒ¼ã‚’é›¶ã—ã¦ã—ã¾ã£ã¦ã„ã‚‹ã®ã¯èª°ã ï¼ï¼Ÿã‚¹ãƒšã‚·ãƒ£ãƒ«ï¼,2021-11-30T20:00+09:00,2021-11-28,https://www.tsujileaks.com/?p=1073,https://www.tsujileaks.com/media/are_211130_coffee.mp3,http://www.tsujileaks.com/wp-content/uploads/2935413-300x300.png
3,111,S3#111,ç¬¬111å› æŒã¡ã¤æŒãŸã‚Œã¤æ¥­å‹™æ‹¡å¤§ã®æœªæ‰¿è«¾ãªå¥´ã‚‰ï¼ã‚¹ãƒšã‚·ãƒ£ãƒ«ï¼,2021-11-23T20:00+09:00,2021-11-21,https://www.tsujileaks.com/?p=1069,https://www.tsujileaks.com/media/are_211123_dozan11.mp3,http://www.tsujileaks.com/wp-content/uploads/to-300x225.png
3,110,S3#110,ç¬¬110å› ãŠã¯ã‚ˆã†ã‹ã‚‰ãŠã‚„ã™ã¿ã¾ã§è¦‹ã¤ã‚ã²ã‚ã’ã‚‹ï¼ã‚¹ãƒšã‚·ãƒ£ãƒ«ï¼,2021-11-15T20:00+09:00,2021-11-13,https://www.tsujileaks.com/?p=1064,https://www.tsujileaks.com/media/are_211115_noransom.mp3,http://www.tsujileaks.com/wp-content/uploads/110-300x300.png
3,109,S3#109,ç¬¬109å› ãƒ‰ã‚¤ãƒ„ã®é€šè²¨ã¯ï¼ï¼Ÿã‚¹ãƒšã‚·ãƒ£ãƒ«ï¼,2021-11-08T20:00+09:00,2021-11-06,https://www.tsujileaks.com/?p=1058,https://www.tsujileaks.com/media/are_211108_de.mp3,http://www.tsujileaks.com/wp-content/uploads/21753a19806537335c05896eef8c84f5-1024x768-1-300x225.jpg
3,108,S3#108,ç¬¬108å› ãªã‚“ã¨ï¼ã¼ã‚“ã®ã†ï¼ã”ã‹ã£ã‘ã„ï¼ã‚¹ãƒšã‚·ãƒ£ãƒ«ï¼,2021-11-01T20:00+09:00,2021-10-30,https://www.tsujileaks.com/?p=1050,https://www.tsujileaks.com/media/are_211030_oldnormal.mp3,http://www.tsujileaks.com/wp-content/uploads/normal-300x300.png
3,107,S3#107,ç¬¬107å› ç·¨é›†é•·å¾©å¸°ç‰¹ç•ªï¼ã‚³ãƒ¼ãƒ‰ãƒ–ãƒ«ãƒ¼ã«å‡ºãŸã‚ˆï¼ã‚»ã‚­ãƒ¥ãƒªãƒ†ã‚£ã®ã‚¢ãƒ¬ã®ã‚¢ãƒ¬ï¼ã‚¹ãƒšã‚·ãƒ£ãƒ«ï¼,2021-10-25T20:00+09:00,2021-10-23,https://www.tsujileaks.com/?p=1043,https://www.tsujileaks.com/media/are_211025_coxdbxxx.mp3,http://www.tsujileaks.com/wp-content/uploads/cold-brew-300x300.png
3,106,S3#106,ç¬¬106å› ä»¤å’Œã®æ™‚ä»£ã®ã‚»ã‚­ãƒ¥ãƒªãƒ†ã‚£ã‚’è€ƒãˆãŸã‹ã‚‚ã—ã‚Œãªã„ç§‹ã®å¤œé•·ï¼ã‚¹ãƒšã‚·ãƒ£ãƒ«ï¼,2021-10-11T19:56+09:00,2021-10-09,https://www.tsujileaks.com/?p=1035,https://www.tsujileaks.com/media/are_211011_nyansom.mp3,http://www.tsujileaks.com/wp-content/uploads/nyantalk-300x235.png
3,105,S3#105,ç¬¬105å› å½ã‚µã‚¤ãƒˆã«å½æƒ…å ±ã«å½æ”»æ’ƒè€…ï¼ã‚¹ãƒšã‚·ãƒ£ãƒ«ï¼,2021-10-04T20:00+09:00,2021-10-02,https://www.tsujileaks.com/?p=1029,https://www.tsujileaks.com/media/are_211004_ikatai.mp3,http://www.tsujileaks.com/wp-content/uploads/fakeman.png
3,104,S3#104,ç¬¬104å› Ê•â€¢Ì«Í¡â€¢Ê•â€¢Ì«Í¡â€¢Ê”â€¢Ì«Í¡â€¢Ê”â€¢Ì«Í¡â€¢Ê•â€¢Ì«Í¡â€¢Ê”â€¢Ì«Í¡â€¢Ê•â€¢Ì«Í¡â€¢Ê•â€¢Ì«Í¡â€¢Ê”â€¢Ì«Í¡â€¢Ê”â€¢Ì«Í¡â€¢Ê•â€¢Ì«Í¡â€¢Ê”â€¢Ì«Í¡â€¢Ê”ï¼ã‚¹ãƒšã‚·ãƒ£ãƒ«ï¼,2021-09-27T20:00+09:00,2021-09-25,https://www.tsujileaks.com/?p=1026,https://www.tsujileaks.com/media/are_210927_nidoarukotoha.mp3,http://www.tsujileaks.com/wp-content/uploads/CHupdateicon-300x66.png
3,103,S3#103,ç¬¬103å› ç·©ããƒ–ãƒ¬ãšã«ã‚ªãƒ¼ãƒã‚¤ãƒ¯ãƒƒãƒ•ãƒ«ï¼ã‚¹ãƒšã‚·ãƒ£ãƒ«ï¼,2021-09-20T20:00+09:00,2021-09-18,https://www.tsujileaks.com/?p=1021,https://www.tsujileaks.com/media/are_210920_aruware.mp3,http://www.tsujileaks.com/wp-content/uploads/yurui-300x80.jpg
3,102,S3#102,ç¬¬102å› æœ€å¾Œã®ã‚³ã‚¤ãƒ³ã«ç¥ˆã‚Šã‚’è¾¼ã‚ã¦ãƒ¤ãƒ³ãƒãƒ©ãƒ¤ãƒ³ãƒ¤ãƒ³ãƒ¤ãƒ³ï¼ã‚¹ãƒšã‚·ãƒ£ãƒ«ï¼,2021-09-13T20:00+09:00,2021-09-11,https://www.tsujileaks.com/?p=1017,https://www.tsujileaks.com/media/are_210913_namidanoRPS.mp3,http://www.tsujileaks.com/wp-content/uploads/gyo-300x222.jpg
3,101,S3#101,ç¬¬101å› ãƒ‘ãƒ³ã£ï¼èŒ¶ã£ï¼å®¿ç›´ã£ï¼ã‚¹ãƒšã‚·ãƒ£ãƒ«ï¼,2021-09-06T20:00+09:00,2021-09-04,https://www.tsujileaks.com/?p=1010,https://www.tsujileaks.com/media/are_210906_sadaharu.mp3,http://www.tsujileaks.com/wp-content/uploads/0g.png
3,100,S3#100,ç¬¬100å› ç›®æŒ‡ã›ï¼200å›ï¼We Can Doï¼ã‚¹ãƒšã‚·ãƒ£ãƒ«ï¼,2021-08-30T22:43+09:00,2021-08-28,https://www.tsujileaks.com/?p=1003,https://www.tsujileaks.com/media/are_210830_100.mp3,http://www.tsujileaks.com/wp-content/uploads/usb-300x300.png
3,99,S3#99,ç¬¬99å› ã‚¢ãƒè¶…ä¼šè­°ã‹ã‚‰ãã£ã‹ã‚Š9å¹´ï¼ã‚¹ãƒšã‚·ãƒ£ãƒ«ï¼,2021-08-23T19:30+09:00,2021-08-21,https://www.tsujileaks.com/?p=999,https://www.tsujileaks.com/media/are_210823_guruguru.mp3,http://www.tsujileaks.com/wp-content/uploads/madori-300x167.jpg
3,98,S3#98,ç¬¬98å› abcd2.0ï¼OEMã«MPDï¼ã‚¹ãƒšã‚·ãƒ£ãƒ«ï¼,2021-08-16T22:23+09:00,2021-08-15,https://www.tsujileaks.com/?p=993,https://www.tsujileaks.com/media/are_210817_fightMPD.mp3,http://www.tsujileaks.com/wp-content/uploads/choju56_0020-300x200.png
3,97,S3#97,ç¬¬97å› åˆCommon â€“ ğŸ¤é€æ˜æ€§ â€“ å…¬é–‹éµèªè¨¼å¦¨å®³ï¼ã‚¹ãƒšã‚·ãƒ£ãƒ«ï¼,2021-08-02T20:00+09:00,2021-07-31,https://www.tsujileaks.com/?p=981,https://www.tsujileaks.com/media/are_210802_CWECVECVSSCVV.mp3,http://www.tsujileaks.com/wp-content/uploads/toumei-300x169.jpg
3,96,S3#96,ç¬¬96å› åºƒãŒã‚‹è©±ã¨åºƒãŒã‚‰ãªã„è©±ï¼æ‚ªå¤¢ãŒè‡³æ€¥ã§ã‚¬ãƒè„…è¿«ï¼ã‚¹ãƒšã‚·ãƒ£ãƒ«ï¼,2021-07-26T20:00+09:00,2021-07-24,https://www.tsujileaks.com/?p=975,https://www.tsujileaks.com/media/are_210726_higan_island.mp3,http://www.tsujileaks.com/wp-content/uploads/publicdomainq-0012499qew-300x212.jpg
3,95,S3#95,ç¬¬95å› [PR]æ‚ªé­”ã®ãƒ†ãƒ˜ãƒšãƒ­æ”»æ’ƒï¼ã‚¹ãƒšã‚·ãƒ£ãƒ«ï¼,2021-07-19T20:01+09:00,2021-07-17,https://www.tsujileaks.com/?p=972,https://www.tsujileaks.com/media/are_210719_nokoriGo.mp3,http://www.tsujileaks.com/wp-content/uploads/tb-300x98.jpg
3,94,S3#94,ç¬¬94å› ã¾ã•ã‹ã®ãƒã‚¿è¢«ã‚Šï¼äº’ã„ã®ãƒã‚¿ãŒã„ã¤ã‚‚ã¨é€†ï¼ã‚¹ãƒšã‚·ãƒ£ãƒ«ï¼,2021-07-12T20:00+09:00,2021-07-10,https://www.tsujileaks.com/?p=962,https://www.tsujileaks.com/media/are_210712_arenakorenasorena.mp3,http://www.tsujileaks.com/wp-content/uploads/photo0000-5775-300x200.jpg
3,93,S3#93,ç¬¬93å› ã‚ã¨7å›ã ï¼ç´›å¤± x ç«å±± x æ‚ªå¤¢ï¼ã‚¹ãƒšã‚·ãƒ£ãƒ«ï¼,2021-07-06T20:00+09:00,2021-07-04,https://www.tsujileaks.com/?p=957,https://www.tsujileaks.com/media/are_210706_chochocho.mp3,http://www.tsujileaks.com/wp-content/uploads/th_ca_sp_crack-300x300.png
3,92,S3#92,ç¬¬92å› 100å›ã¸ã®é“ã‚‚1å›ã‹ã‚‰ï¼ã‚¹ãƒšã‚·ãƒ£ãƒ«ï¼,2021-06-21T20:00+09:00,2021-06-19,https://www.tsujileaks.com/?p=949,https://www.tsujileaks.com/media/are_210621_tsuyunobuhiro.mp3,http://www.tsujileaks.com/wp-content/uploads/hydrangea-300x300.jpg
3,91,S3#91,ç¬¬91å› 100å›ã¾ã§ã‚ã¨9å›ã ï¼ã‚¹ãƒšã‚·ãƒ£ãƒ«ï¼,2021-06-14T20:00+09:00,2021-06-12,https://www.tsujileaks.com/?p=938,https://www.tsujileaks.com/media/are_210614_KANE-BO-KANE.mp3,http://www.tsujileaks.com/wp-content/uploads/Conti_S0575sophosReport-300x232.png
3,90,S3#90,ç¬¬90å› 100å›ãŒè¦‹ãˆã¦ããŸãœï¼ã‚¹ãƒšã‚·ãƒ£ãƒ«ï¼,2021-06-07T20:00+09:00,2021-06-05,https://www.tsujileaks.com/?p=932,https://www.tsujileaks.com/media/are_210607_nolicenseman.mp3,http://www.tsujileaks.com/wp-content/uploads/240px-BA-90.png
3,89,S3#89,ç¬¬89å› ãƒŠã‚¤ãƒ¢ãƒãƒãƒ€ãƒªã®æŠ˜ã‚Šåˆã„ï¼æŠ¼ã—åˆã„ã¸ã—åˆã„ãŠã—ã¾ã„ï¼ã‚¹ãƒšã‚·ãƒ£ãƒ«ï¼,2021-05-31T20:00+09:00,2021-05-29,https://www.tsujileaks.com/?p=928,https://www.tsujileaks.com/media/are_210531_oniai.mp3,http://www.tsujileaks.com/wp-content/uploads/cftm-300x228.jpg
3,88,S3#88,ç¬¬88å› ãŠå€¤æ®µä»¥ä¸Šã®ãƒ—ãƒ©ã‚¤ã‚¹ãƒ¬ã‚¹ï¼ã‚¹ãƒšã‚·ãƒ£ãƒ«ï¼,2021-05-24T20:00+09:00,2021-05-22,https://www.tsujileaks.com/?p=921,https://www.tsujileaks.com/media/are_210524_soucedebut.mp3,http://www.tsujileaks.com/wp-content/uploads/fish_suketoudara-300x160.png
3,87,S3#87,ç¬¬87å› ãƒ‹ãƒ¥ãƒ¼ãƒãƒ¼ãƒãƒ«ç™ºãƒ‹ãƒ¥ãƒ¼ãƒãƒ¼ãƒãƒ«è¡Œãï¼ã‚¹ãƒšã‚·ãƒ£ãƒ«ï¼,2021-05-18T20:00+09:00,2021-05-16,https://www.tsujileaks.com/?p=915,https://www.tsujileaks.com/media/are_210518_iamyourfather.mp3,http://www.tsujileaks.com/wp-content/uploads/2089208-300x169.png
3,86,S3#86,ç¬¬86å› å…¥å£ã¯è‰²ã€…ï¼ã‚¹ãƒšã‚·ãƒ£ãƒ«ï¼,2021-05-10T20:00+09:00,2021-05-08,https://www.tsujileaks.com/?p=901,https://www.tsujileaks.com/media/are_210510_M1N1.mp3,http://www.tsujileaks.com/wp-content/uploads/hacker-300x113.png
3,85,S3#85,ç¬¬85å› ã‚ªãƒ¬ãŸã¡ã«ã‚´ãƒ¼ãƒ«ãƒ‡ãƒ³ã‚¦ã‚£ãƒ¼ã‚¯ã¯ãªã„ãœï¼ã‚¹ãƒšã‚·ãƒ£ãƒ«ï¼,2021-05-03T20:00+09:00,2021-05-01,https://www.tsujileaks.com/?p=895,https://www.tsujileaks.com/media/are_210503_nogw.mp3,http://www.tsujileaks.com/wp-content/uploads/161952-300x300.png
3,84,S3#84,ç¬¬84å› ç¦…ã¨æ–°ã‚ªãƒšã‹ã‚‰ã®ãƒ¢ã‚¯ã‚·ãƒ¼èªã‚‹ãƒã‚®ã‚·ãƒ¼ï¼ã‚¹ãƒšã‚·ãƒ£ãƒ«ï¼,2021-04-26T20:00+09:00,2021-04-24,https://www.tsujileaks.com/?p=892,https://www.tsujileaks.com/media/are_210426_signal.mp3,http://www.tsujileaks.com/wp-content/uploads/bag-300x200.jpg
3,83,S3#83,ç¬¬83å› ã¾ã ã¾ã ã‚¹ãƒ†ã‚¤ãƒ›ãƒ¼ãƒ ï¼è©±é¡Œã®äº‹ä»¶ã«ã¯è§¦ã‚Œã¾ã›ã‚“ï¼ã‚¹ãƒšã‚·ãƒ£ãƒ«ï¼,2021-04-19T20:00+09:00,2021-04-10,https://www.tsujileaks.com/?p=884,https://www.tsujileaks.com/media/are_210419_homestay.mp3,http://www.tsujileaks.com/wp-content/uploads/choju32_0033-300x200.png
3,82,S3#82,ç¬¬82å› YobiKeyãŒé£›ã³ç«ãƒï¼å…¬é–‹ç¯„å›²ã¯å…¨ä¸–ç•Œã‹ã‚‰ä¸¸è¦‹ãˆã ï¼ã‚¹ãƒšã‚·ãƒ£ãƒ«ï¼,2021-04-12T20:00+09:00,2021-04-10,https://www.tsujileaks.com/?p=875,https://www.tsujileaks.com/media/are_20210412_100YenLawsonHaJikyuuMo100YenNanodarouka.mp3,http://www.tsujileaks.com/wp-content/uploads/shinya-300x224.jpeg
3,81,S3#81,ç¬¬81å› æ–°ãŸãªãƒãƒ©ãƒã‚­ï¼Ÿ3æœˆã®ãƒ©ãƒ³ã‚µãƒ ï¼å½ã‚­ãƒ¥ãƒªãƒ†ã‚£ä¼æ¥­ï¼ã‚¹ãƒšã‚·ãƒ£ãƒ«ï¼,2021-04-05T20:00+09:00,2021-04-03,https://www.tsujileaks.com/?p=868,https://www.tsujileaks.com/media/are_210405_SQLiLink.mp3,http://www.tsujileaks.com/wp-content/uploads/publicdomainq-0009789aun-300x248.jpg
3,80,S3#80,ç¬¬80å› ä»Šå›ç¬¬80å›ã ã‘ã«HTTP(s)å‘¨ã‚Šã®è©±ã ã£ãŸã®ã‹ï¼Ÿï¼ã‚¹ãƒšã‚·ãƒ£ãƒ«ï¼,2021-03-29T20:00+09:00,1900-01-01,https://www.tsujileaks.com/?p=847,https://www.tsujileaks.com/media/are_210329_negicup.mp3,http://www.tsujileaks.com/wp-content/uploads/http-300x300.png
3,79,S3#79,ç¬¬79å› PiyoPiyoGOï¼Trickbotã¨æ¯”è¼ƒï¼çŠ¯ç½ªä»¶æ•°è¢«å®³é¡ãƒ¬ãƒãƒ¼ãƒˆï¼ã‚¹ãƒšã‚·ãƒ£ãƒ«ï¼,2021-03-22T20:00+09:00,1900-01-01,https://www.tsujileaks.com/?p=839,http://www.tsujileaks.com/media/are_20210321_hitok_uchi.mp3,http://www.tsujileaks.com/wp-content/uploads/exc-300x203.jpg
3,78,S3#78,ç¬¬78å› ãã‚Œãã‚Œã®å¹´åº¦æœ«ä»•äº‹ç´ã‚ã§ã®ã³ã®ã³ã—ã¦ã‚“ã®ã‹ï¼Ÿï¼ã‚¹ãƒšã‚·ãƒ£ãƒ«ï¼,2021-03-15T20:00+09:00,1900-01-01,https://www.tsujileaks.com/?p=834,https://www.tsujileaks.com/media/are_20210315_shigotoosame.mp3,http://www.tsujileaks.com/wp-content/uploads/D0250816-93D0-499B-8797-5E3058CF3116-300x225.jpeg
3,77,S3#77,ç¬¬77å› ç·¨é›†é•·å¾©æ´»ï¼ä»Šå¹´åˆã®ãƒ–ãƒ­ã‚°ã¨ã‚„ã†ã‚›ã‡ãˆè„†å¼±æ€§ã‚’ä½•å’ï¼ã‚¹ãƒšã‚·ãƒ£ãƒ«ï¼,2021-03-08T20:00+09:00,1900-01-01,https://www.tsujileaks.com/?p=827,https://www.tsujileaks.com/media/are_20210308_dekafilebin.mp3,http://www.tsujileaks.com/wp-content/uploads/vuln-300x300.png
3,76,S3#76,ç¬¬76å› å¸¯ã«çŸ­ã—ã€è¥·ã«é•·ã—ï¼å‘½çŸ­ã—ã€æ‹ã›ã‚ˆã€‡ã€‡ï¼ã‚¹ãƒšã‚·ãƒ£ãƒ«ï¼,2021-02-22T20:00+09:00,1900-01-01,https://www.tsujileaks.com/?p=821,https://www.tsujileaks.com/media/are_210222_inochimijikashikoiseyoN.mp3,http://www.tsujileaks.com/wp-content/uploads/obitasu-300x300.jpg
3,75,S3#75,ç¬¬75å› åéŒ²ä¸­ã«ä½•åº¦ã‹ãƒˆãƒ©ãƒ–ãƒ«ãŒã‚ã£ãŸã‚“ã§ã™ï¼ã‚¹ãƒšã‚·ãƒ£ãƒ«ï¼,2021-02-15T20:00+09:00,1900-01-01,https://www.tsujileaks.com/?p=816,https://www.tsujileaks.com/media/are_210215_otawa.mp3,http://www.tsujileaks.com/wp-content/uploads/10e536b5a2ce2668522b9f06fc1813bc-300x300.png
3,74,S3#74,ç¬¬74å› ãƒ‹ãƒ¥ãƒ¼ã‚¹ã‚¦ã‚©ãƒƒãƒï¼VTï¼ãƒ©ãƒ³ã‚µãƒ å¤‰åŒ–ï¼ã‚¹ãƒšã‚·ãƒ£ãƒ«ï¼,2021-02-08T20:00+09:00,1900-01-01,https://www.tsujileaks.com/?p=810,https://www.tsujileaks.com/media/are_20210208_cholestetoite.mp3,http://www.tsujileaks.com/wp-content/uploads/adpDSC_4874-750x500-1-300x200.jpg
3,73,S3#73,ç¬¬73å› ä¹¾æ¯ï¼æœ—å ±ï¼ã§ã‚‚æ³¨æ„ï¼æ ¹å²¸ã•ã‚“ã®ã¨ã“ã‚ã«æ”»æ’ƒãŒï¼ï¼Ÿã‚¹ãƒšã‚·ãƒ£ãƒ«ï¼,2021-02-01T20:00+09:00,1900-01-01,https://www.tsujileaks.com/?p=804,https://www.tsujileaks.com/media/are_20210130_kiretyanaiyo.mp3,http://www.tsujileaks.com/wp-content/uploads/JUDO458A8478_TP_V4-300x200.jpg
3,72,S3#72,ç¬¬72å› æ–°ã‚³ãƒ¼ãƒŠãƒ¼ï¼ˆä»Šå›é™ã‚Š?ï¼‰ã‚ã‚‹ã§ã‚ˆï¼ã‚¹ãƒšã‚·ãƒ£ãƒ«ï¼,2021-01-25T20:00+09:00,1900-01-01,https://www.tsujileaks.com/?p=800,https://www.tsujileaks.com/media/are_210125_ryouleague.mp3,http://www.tsujileaks.com/wp-content/uploads/fukubu.jpg
3,71,S3#71,ç¬¬71å› ä¿®æ­£ãƒ‘ãƒƒãƒã¨ADã¨ã‚²ã‚¹ãƒˆï¼ã‚¹ãƒšã‚·ãƒ£ãƒ«ï¼,2021-01-19T20:00+09:00,1900-01-01,https://www.tsujileaks.com/?p=793,https://www.tsujileaks.com/media/are_210119_GOUF.mp3,http://www.tsujileaks.com/wp-content/uploads/1635_3-213x300.png
3,70,S3#70,ç¬¬70å› æ˜ã‘ã¾ã—ã¦ï¼æˆäººãŠã‚ã§ã¨ã†ï¼ã‚¹ãƒšã‚·ãƒ£ãƒ«ï¼,2021-01-12T20:00+09:00,1900-01-01,https://www.tsujileaks.com/?p=785,https://www.tsujileaks.com/media/are_210112_USO.mp3,http://www.tsujileaks.com/wp-content/uploads/takoyaki-plate-300x250.png
3,69,S3#69,ç¬¬69å› ä¸€å¹´ã¶ã‚Šä¸‰å›ç›®ã®å®¤é•·ã‚¹ãƒšã‚·ãƒ£ãƒ«ï¼,2020-12-28T20:00+09:00,2020-12-26,https://www.tsujileaks.com/?p=780,https://www.tsujileaks.com/media/are_201228_daibouken.mp3,http://www.tsujileaks.com/wp-content/uploads/DB88_hutottabu-15162519_TP_V4-220x300.jpg
3,68,S3#68,ç¬¬68å› ã‚½ãƒ­ãƒªã‚½ãƒ­ãƒªã¨2020å¹´ã‚’æŒ¯ã‚Šè¿”ã‚‹ãœï¼ã‚¹ãƒšã‚·ãƒ£ãƒ«ï¼,2020-12-21T20:00+09:00,2020-12-19,https://www.tsujileaks.com/?p=775,https://www.tsujileaks.com/media/are_201221_solorisolori.mp3,http://www.tsujileaks.com/wp-content/uploads/publicdomainq-0024540zhu-300x200.jpg
3,67,S3#67,ç¬¬67å› ä»•äº‹ç´ã‚ãŸæ„Ÿã®å‰²ã«é‡ã‚ã®è©±ï¼ã‚¹ãƒšã‚·ãƒ£ãƒ«ï¼,2020-12-14T20:00+09:00,2020-12-12,https://www.tsujileaks.com/?p=769,https://www.tsujileaks.com/media/are_201214_NPowerPiyoPower.mp3,http://www.tsujileaks.com/wp-content/uploads/snow-300x200.jpg
3,66,S3#66,ç¬¬66å› ãƒ†ãƒƒã‚¯æ„Ÿã‹ã‚‰å§‹ã¾ã£ã¦è„±æš—å·åŒ–Zipã«ã¤ã„ã¦è€ƒãˆãŸãœï¼ã‚¹ãƒšã‚·ãƒ£ãƒ«ï¼,2020-12-07T20:00+09:00,2020-12-05,https://www.tsujileaks.com/?p=766,https://www.tsujileaks.com/media/are_201207_sitsuchohaarimasu.mp3,http://www.tsujileaks.com/wp-content/uploads/yobi-300x205.jpg
3,65,S3#65,ç¬¬65å› From USAã¨NoMoreæ”¾ç½®ï¼ã‚¹ãƒšã‚·ãƒ£ãƒ«ï¼,2020-11-30T20:00+09:00,2020-11-28,https://www.tsujileaks.com/?p=760,https://www.tsujileaks.com/media/are_201130_nomorehouti.mp3,http://www.tsujileaks.com/wp-content/uploads/cve-2018-13379_leak_country-300x189.png
3,64,S3#64,ç¬¬64å› ã„ã¤ã‚‚ã®ä¸‰äººã§ãƒ†ãƒƒã‚¯ãƒ»ãƒ©ãƒ³ã‚µãƒ ãƒ»èªè¨¼ï¼ã‚¹ãƒšã‚·ãƒ£ãƒ«ï¼,2020-11-24T20:00+09:00,2020-11-21,https://www.tsujileaks.com/?p=752,https://www.tsujileaks.com/media/are_201123_3nin.mp3,http://www.tsujileaks.com/wp-content/uploads/401184-300x300.png
3,63,S3#63,ç¬¬63å› ãƒ”ãƒ¼ã‚¹ã®è¶³ã‚Šãªã„ãƒ‘ã‚ºãƒ«ã®ã‚ˆã†ã«åƒ•ã‚‰ã®å¯¾è©±ã¯åŠ é€Ÿã™ã‚‹ï¼ã‚¹ãƒšã‚·ãƒ£ãƒ«ï¼,2020-11-16T20:00+09:00,2020-11-14,https://www.tsujileaks.com/?p=745,https://www.tsujileaks.com/media/are_201116_piyohiro.mp3,http://www.tsujileaks.com/wp-content/uploads/3118066432-puzzle-693865_1920-4xxx-1920x1280-MM-100-300x200.jpg
3,62,S3#62,ç¬¬62å› IcedIDã«ç„¡ããªã‚‰ãªã„ã‚¹ã‚¯ãƒªãƒ¼ãƒ‹ãƒ³ã‚°ï¼äºŒå¹´ã¶ã‚Šã«ãƒ–ãƒ­ã‚°æ›¸ã„ãŸãœï¼ã‚¹ãƒšã‚·ãƒ£ãƒ«ï¼,2020-11-09T20:00+09:00,2020-11-07,https://www.tsujileaks.com/?p=738,https://www.tsujileaks.com/media/are_201109_dendendedenden.mp3,http://www.tsujileaks.com/wp-content/uploads/03-300x169.png
3,61,S3#61,ç¬¬61å› ä¼ç·šå›åã¨å¤‰ã‚ã‚Šç¨®æ³¨æ„å–šèµ·ã¨ã¡ã‚‡ã£ã¨ã ã‘ç¤¾ä¼šæ´¾ï¼ã‚¹ãƒšã‚·ãƒ£ãƒ«ï¼,2020-11-02T20:04+09:00,2020-10-31,https://www.tsujileaks.com/?p=730,https://www.tsujileaks.com/media/201102_are_liveshitemitai.mp3,http://www.tsujileaks.com/wp-content/uploads/pexels-photo-735418.jpeg
3,60,S3#60,ç¬¬60å› nanoãƒã‚¿ã‹ã‚‰å…¬è·é¸æŒ™æ³•é•åãƒã‚¿ã¾ã§ï¼ã‚¬ã‚¤ãƒ‰ç´¹ä»‹ã‚‚ã‚ã‚‹ãœï¼ã‚¹ãƒšã‚·ãƒ£ãƒ«ï¼,2020-10-26T20:00+09:00,2020-10-24,https://www.tsujileaks.com/?p=720,https://www.tsujileaks.com/media/are_201025_injelly.mp3,http://www.tsujileaks.com/wp-content/uploads/kaihuu.jpg
3,59,S3#59,ç¬¬59å› é›‘è«‡3å‰²ï¼ãŠã‹ã‚ã‚Šå½çµ¦ä»˜é‡‘ã¨ã¨ã‚ã‚‹å‹‰å¼·æ³•ã¨E2EEã®è©±ï¼ã‚¹ãƒšã‚·ãƒ£ãƒ«ï¼,2020-10-19T20:00+09:00,2020-10-17,https://www.tsujileaks.com/?p=712,https://www.tsujileaks.com/media/are_201019_jandj.mp3,http://www.tsujileaks.com/wp-content/uploads/arm-300x198.jpg
3,58,S3#58,ç¬¬58å› ãƒˆãƒªãƒ—ãƒ«ï¼ãƒ•ã‚£ãƒƒã‚·ãƒ¥ï¼ãƒã‚¤ãƒ•ãƒ³ï¼ã‚¹ãƒšã‚·ãƒ£ãƒ«ï¼,2020-10-05T20:00+09:00,1900-01-01,https://www.tsujileaks.com/?p=704,https://www.tsujileaks.com/media/are_201005_yazawa.mp3,http://www.tsujileaks.com/wp-content/uploads/e066_6-183x300.jpg
3,57,S3#57,ç¬¬57å› ç‹ã‹ã‚‰ç‰è‘±ï¼ãƒ’ãƒ‰ã‚¥ãƒ³ã‹ã‚‰ã‚ªãƒ‹ã‚ªãƒ³ï¼å·å´å¸‚ã®ç´™å¯¾å¿œï¼ã‚¹ãƒšã‚·ãƒ£ãƒ«ï¼,2020-09-28T18:00+09:00,1900-01-01,https://www.tsujileaks.com/?p=696,https://www.tsujileaks.com/media/are_200928_neushitoraburyu.mp3,http://www.tsujileaks.com/wp-content/uploads/are_200928-300x238.jpg
3,56,S3#56,ç¬¬56å› ã‚¼å£ã¨Tä¿¡ã¨ã‚µã‚¯ã‚½ï¼ã‚¹ãƒšã‚·ãƒ£ãƒ«ï¼,2020-09-22T10:27+09:00,1900-01-01,https://www.tsujileaks.com/?p=687,https://www.tsujileaks.com/media/are_200922_kanchigai.mp3,http://www.tsujileaks.com/wp-content/uploads/are_209022-300x273.jpg
3,55,S3#55,ç¬¬55å› NICTç ²å¼·åŒ–ï¼ãƒ‹ãƒ¥ãƒ¼ã‚¹ãƒ¬ã‚¿ãƒ¼ğŸ›é£Ÿã„ï¼ãƒ‰ã‚³ãƒ¢ãƒ­åº§ï¼ã‚¹ãƒšã‚·ãƒ£ãƒ«ï¼,2020-09-14T19:00+09:00,1900-01-01,https://www.tsujileaks.com/?p=676,https://www.tsujileaks.com/media/are_200914_tottoriken.mp3,
3,54,S3#54,ç¬¬54å› ãŠã„ã§å¤ã®å¢ƒç•Œç·šï¼èˆˆå‘³æ·±ã„ãŒéããŸRDoSã‚‚å†ã³ï¼ã‚¹ãƒšã‚·ãƒ£ãƒ«ï¼,2020-09-08T19:00+09:00,1900-01-01,https://www.tsujileaks.com/?p=672,https://www.tsujileaks.com/media/are_200906_emotot.mp3,
3,53,S3#53,ç¬¬53å› CVE-2019-11510ã¨æŒã¡ã‹ã‘ä¸æ­£ã¨ã‚»ã‚­ãƒ¥ãƒ¼ã‚«ãƒ³ãƒãƒ¼ï¼ã‚¹ãƒšã‚·ãƒ£ãƒ«ï¼,2020-08-31T20:00+09:00,1900-01-01,https://www.tsujileaks.com/?p=662,https://www.tsujileaks.com/media/are_200831_galgal.mp3,
3,52,S3#52,ç¬¬52å› æµ·ã®å‘ã“ã†ã®æ¨™çš„å‹ã¨ã‚­ãƒ«ã‚¹ã‚¤ãƒƒãƒï¼ã“ã®ãƒãƒƒãƒ‰ã‚­ãƒ£ã‚¹ãƒˆã¯TLP: Whiteã§ã™ï¼ã‚¹ãƒšã‚·ãƒ£ãƒ«ï¼,2020-08-23T17:00+09:00,1900-01-01,https://www.tsujileaks.com/?p=653,https://www.tsujileaks.com/media/are_200824_garake.mp3,
3,51,S3#51,ç¬¬51å› ã¯ï¼Ÿã»ãƒ¼ã‚“â€¦ ãªã‚‹ã»ã©ã£ï¼ã‚¹ãƒšã‚·ãƒ£ãƒ«ï¼,2020-08-17T14:10+09:00,1900-01-01,https://www.tsujileaks.com/?p=648,https://www.tsujileaks.com/media/are_200817_kobo.mp3,
3,50,S3#50,ç¬¬50å› ãƒ©ãƒ³ã‚µãƒ ãŒã‚ã‚Šã‚ã¾ã‚‹ï¼é‡å·¥ãªãŠçŸ¥ã‚‰ã›ï¼51%ï¼ã‚¹ãƒšã‚·ãƒ£ãƒ«ï¼,2020-08-10T20:00+09:00,1900-01-01,https://www.tsujileaks.com/?p=642,https://www.tsujileaks.com/media/are_200809_ADIF.mp3,
3,49,S3#49,ç¬¬49å› ç¶™ç¶šã‚¦ã‚©ãƒƒãƒForeverï¼ãƒ•ãƒ©ãƒƒã‚·ãƒ¥ãƒ‹ãƒ¥ãƒ¼ã‚¹ï¼æ€–ã„è©±ã‚‚ã‚ã‚‹ã‚ˆï¼ã‚¹ãƒšã‚·ãƒ£ãƒ«ï¼,2020-08-04T20:00+09:00,1900-01-01,https://www.tsujileaks.com/?p=632,https://www.tsujileaks.com/media/are_200804_zhif.mp3,
3,48,S3#48,ç¬¬48å› ç„¡ç†çŸ¢ç†ï¼ã‚¹ãƒšã‚·ãƒ£ãƒ«ï¼ feat. ãƒã‚¸ã§ã€ãƒã‚¸ã§w,2020-07-27T22:00+09:00,1900-01-01,https://www.tsujileaks.com/?p=629,https://www.tsujileaks.com/media/are_200727_zamz.mp3,
3,47,S3#47,ç¬¬47å› ã‚·ã‚°ãƒŠãƒ«ãƒŸãƒ©ã‚¯ãƒ«ï¼æ¨™çš„å‹å½è»¢å±…ï¼ ã‚¹ãƒšã‚·ãƒ£ãƒ«ï¼,2020-07-20T20:00+09:00,1900-01-01,https://www.tsujileaks.com/?p=625,https://www.tsujileaks.com/media/are_200720_kori.mp3,
3,46,S3#46,ç¬¬46å› ãƒ†ãƒƒã‚¯ç³»ã®å…¥ã‚Šå£ï¼ãˆãƒ¼ã£ãã—ã£ã£ã£ï¼ï¼ ã‚¹ãƒšã‚·ãƒ£ãƒ«ï¼,2020-07-13T20:00+09:00,1900-01-01,https://www.tsujileaks.com/?p=621,https://www.tsujileaks.com/media/are_200713_gggh.mp3,
3,45,S3#45,ç¬¬45å› ã†ã¾ãã„ãç§˜è¨£ã¯å®Œç’§ã‚’ç›®æŒ‡ã•ãªã„ï¼ä½•ã‚‚è¶³ã•ãªã„ï¼ä½•ã‚‚å¼•ã‹ãªã„ï¼ã‚¹ãƒšã‚·ãƒ£ãƒ«ï¼,2020-07-06T12:00+09:00,1900-01-01,https://www.tsujileaks.com/?p=618,https://www.tsujileaks.com/media/are_200706_aase.mp3,
3,44,S3#44,ç¬¬44å› è‡ªå·±è¨˜éŒ²æ›´æ–°ã ï¼ï¼ï¼ã‚¹ãƒšã‚·ãƒ£ãƒ«ï¼,2020-06-29T20:04+09:00,1900-01-01,https://www.tsujileaks.com/?p=616,http://www.tsujileaks.com/media/are_200629_pppa.mp3,
3,43,S3#43,ç¬¬43å› COCOAï¼DDOSï¼EXCELï¼ã¡ã°ã—ãŒã•ãŒï¼ã‚¹ãƒšã‚·ãƒ£ãƒ«ï¼,2020-06-21T19:57+09:00,1900-01-01,https://www.tsujileaks.com/?p=611,http://www.tsujileaks.com/media/are_200621_allll.mp3,
3,42,S3#42,ç¬¬42å› é€æ˜æ€§ã‚’è€ƒãˆã‚‹NEGIZINEï¼ã‚¢ãƒãƒ‰ãƒ³ã‚‚ã‚ã‚‹ã‚ˆï¼ã‚¹ãƒšã‚·ãƒ£ãƒ«ï¼,2020-06-14T20:00+09:00,1900-01-01,https://www.tsujileaks.com/?p=608,http://www.tsujileaks.com/media/are_200614_djakljd.mp3,
3,41,S3#41,ç¬¬41å› è¨³ã‚ã£ã¦2é€±é–“ã¶ã‚Šï¼ãƒ†ãƒƒã‚¯ç³»ãƒãƒƒãƒ‰ã‚­ãƒ£ã‚¹ãƒˆTorï¼ï¼Ÿã‚¹ãƒšã‚·ãƒ£ãƒ«ï¼,2020-06-08T20:00+09:00,1900-01-01,https://www.tsujileaks.com/?p=605,http://www.tsujileaks.com/media/are_200608_kuhjis.mp3,
3,40,S3#40,ç¬¬40å› æ¯æ—¥ãŒã‚¨ãƒ–ãƒªãƒ‡ã‚¤ï¼ã‚ã‚‹æ„å‘³æ¯å›å®¤é•·ï¼ã‚¹ãƒšã‚·ãƒ£ãƒ«ï¼,2020-05-25T20:00+09:00,1900-01-01,https://www.tsujileaks.com/?p=602,http://www.tsujileaks.com/media/are_200525_aja.mp3,
3,39,S3#39,ç¬¬39å› 3s3sï¼3å¯†3å¯†ï¼ã‚¹ãƒšã‚·ãƒ£ãƒ«,2020-05-18T20:00+09:00,1900-01-01,https://www.tsujileaks.com/?p=599,http://www.tsujileaks.com/media/are_0518_cccc.mp3,
3,38,S3#38,ç¬¬38å› ä»Šå›ã¯3äººï¼ç—…ã¿ä¸ŠãŒã‚Šã ã‘ã©å…ƒæ°—ã«ãŠå±Šã‘ï¼ã‚¹ãƒšã‚·ãƒ£ãƒ«,2020-05-11T20:00+09:00,1900-01-01,https://www.tsujileaks.com/?p=594,http://www.tsujileaks.com/media/are_0511_0511.mp3,
3,37,S3#37,ç¬¬37å› 1äººæ¬ å¸­ï¼è‡ªä½œPCãƒã‚¿ã‹ã‚‰å§‹ã¾ã‚‹ã‚ˆï¼ã‚¹ãƒšã‚·ãƒ£ãƒ«,2020-05-03T20:00+09:00,1900-01-01,https://www.tsujileaks.com/?p=589,http://www.tsujileaks.com/media/are_0503_twww.mp3,
3,36,S3#36,ç¬¬36å› å°ãƒã‚¿ç››ã‚Šã ãã•ã‚“ï¼Home From Homeã‚’ç›®æŒ‡ã—ã¦ï¼ã‚¹ãƒšã‚·ãƒ£ãƒ«,2020-04-26T20:00+09:00,1900-01-01,https://www.tsujileaks.com/?p=584,http://www.tsujileaks.com/media/are_0426_defl.mp3,
3,35,S3#35,ç¬¬35å› é »åº¦ä¸Šã’ã¦ããœï¼å¤–ã«å‡ºã‚‰ã‚Œãªãã¦ã‚‚æ°—åˆ†ã‚‚ä¸Šã’ã¦ããœï¼ã‚¹ãƒšã‚·ãƒ£ãƒ«,2020-04-19T20:00+09:00,1900-01-01,https://www.tsujileaks.com/?p=580,http://www.tsujileaks.com/media/are_200420_3177.mp3,
3,34,S3#34,ç¬¬34å› åˆãƒªãƒ¢ãƒ¼ãƒˆåéŒ²ï¼Stay at Homeï¼ã‚¹ãƒšã‚·ãƒ£ãƒ«,2020-04-07T20:00+09:00,1900-01-01,https://www.tsujileaks.com/?p=576,http://www.tsujileaks.com/media/are_0406_12kjsa.m4a,
3,33,S3#33,ç¬¬33å› ã‚¿ã‚¤ãƒˆãƒ«ä»˜ã‘ã‚‹ã®ã«å›°ã‚‹ã»ã©ãŠã‚‚ã‚ã‹ã£ãŸãï¼ã‚¹ãƒšã‚·ãƒ£ãƒ«,2020-03-06T17:40+09:00,1900-01-01,https://www.tsujileaks.com/?p=570,http://www.tsujileaks.com/media/are_200306_azxcv.mp3,
3,32,S3#32,ç¬¬32å› æœ¬å³¶ï¼Ÿã»ã‚“ã¨ã«ï¼ï¼Ÿã­ãšã¿å¹´ã ãœï¼ã‚¹ãƒšã‚·ãƒ£ãƒ«,2020-02-05T13:04+09:00,1900-01-01,https://www.tsujileaks.com/?p=566,http://www.tsujileaks.com/media/200205_kikiki.mp3,
3,31,S3#31,ç¬¬31å› å¸°ã£ã¦ããŸå®¤é•·ï¼ã‚¹ãƒšã‚·ãƒ£ãƒ«,2019-12-31T14:38+09:00,1900-01-01,https://www.tsujileaks.com/?p=563,http://www.tsujileaks.com/media/are_191231_bvbv.mp3,
3,30,S3#30,ç¬¬30å› è‰¯ã„ãŠå¹´ã‚’ï¼ã¯ã¾ã è¨€ã‚ãªã„ãœï¼ã‚¹ãƒšã‚·ãƒ£ãƒ«,2019-12-29T17:14+09:00,1900-01-01,https://www.tsujileaks.com/?p=561,http://www.tsujileaks.com/media/are_191229_1603.mp3,
3,29,S3#29,ç¬¬29å› æ–°ãŸãªDDoSãƒˆãƒ¬ãƒ³ãƒ‰ï¼ãƒ¤ãƒã•ã‚’å¢—ã—ãŸEmotetï¼Ÿï¼18å„„å††æ¬²ã—ã„ãï¼ã‚¹ãƒšã‚·ãƒ£ãƒ«,2019-11-12T20:32+09:00,1900-01-01,https://www.tsujileaks.com/?p=556,https://www.tsujileaks.com/media/are_191112_codebbb.mp3,
3,28,S3#28,ç¬¬28å› å£ºå‰²ã‚Šã‚¦ã‚©ãƒ¼ã‚­ãƒ³ï¼ãƒ©ãƒ³ã‚µãƒ æ„›ã¨ã‚¨ãƒ©ã‚¹ãƒ†ã‚£ãƒƒã‚¯ã‚µãƒ¼ãƒã¨æ™‚ã€…DoHï¼ï¼ï¼ ã‚¹ãƒšã‚·ãƒ£ãƒ«,2019-09-30T21:58+09:00,1900-01-01,https://www.tsujileaks.com/?p=553,http://www.tsujileaks.com/media/are_190930_dqw9.mp3,
3,27,S3#27,ç¬¬27å› æ™‚ä»£ã¯ç§»ã‚Šã‚†ãï¼ã‚»ã‚­ãƒ¥ãƒªãƒ†ã‚£ã«èˆˆå‘³ã‚’æŒã£ã¦ã„ã“ã†ï¼ï¼ï¼ ã‚¹ãƒšã‚·ãƒ£ãƒ«,2019-09-09T13:09+09:00,1900-01-01,https://www.tsujileaks.com/?p=539,http://www.tsujileaks.com/media/are_190909_hijq.mp3,
3,26,S3#26,ç¬¬26å› ç†±ä¸­ç—‡ã‚’å¹ãé£›ã°ã›ï¼å¤§é˜ªã§ãƒªã‚µãƒ¼ãƒãƒ£ãƒ¼ã‚ºãƒŠã‚¤ãƒˆã—ã¦ããŸãœï¼ ã‚¹ãƒšã‚·ãƒ£ãƒ«,2019-08-08T21:00+09:00,1900-01-01,https://www.tsujileaks.com/?p=535,http://www.tsujileaks.com/media/are_190807_poke.mp3,
3,25,S3#25,ç¬¬25å› GW2019ï¼ä»¤å’Œï¼ä¸–ç•Œãƒ‘ã‚¹ãƒ¯ãƒ¼ãƒ‰ãƒ‡ã‚¤ã£ã¦çŸ¥ã£ã¦ãŸï¼Ÿ ã‚¹ãƒšã‚·ãƒ£ãƒ«,2019-05-08T08:30+09:00,1900-01-01,https://www.tsujileaks.com/?p=531,http://www.tsujileaks.com/media/are_190508_xxxl.mp3,
3,24,S3#24-2,ç¬¬24å› 3äººæƒã†ã¨å®‰å®šæ„ŸãŒå¢—ã™ã®ã‹ã‚‚ï¼ ã‚¹ãƒšã‚·ãƒ£ãƒ« ï¼ˆå¾Œç·¨ï¼‰,2019-04-07T21:11+09:00,1900-01-01,https://www.tsujileaks.com/?p=528,http://www.tsujileaks.com/media/are_190408_2bbb.mp3,
3,24,S3#24-1,ç¬¬24å› 3äººæƒã†ã¨å®‰å®šæ„ŸãŒå¢—ã™ã®ã‹ã‚‚ï¼ ã‚¹ãƒšã‚·ãƒ£ãƒ« ï¼ˆå‰ç·¨ï¼‰,2019-04-07T21:08+09:00,1900-01-01,https://www.tsujileaks.com/?p=526,http://www.tsujileaks.com/media/are_190408_1aaa.mp3,
3,23,S3#23,ç¬¬23å› piyoè¾»ã ã‘ã§ãŠå±Šã‘ã ï¼ã‚»ã‚­ãƒ¥ãƒªãƒ†ã‚£æœˆé–“ã²ã£ãã‚Šçµ‚ã‚ã£ã¦ãŸã‚„ã‚“ï¼ ã‚¹ãƒšã‚·ãƒ£ãƒ«,2019-03-24T19:00+09:00,1900-01-01,https://www.tsujileaks.com/?p=523,http://www.tsujileaks.com/media/are_190325_1gas.mp3,
3,22,S3#22,ç¬¬22å› 318ã‚»ã‚­ãƒ¥ãƒªãƒ†ã‚£æœˆé–“ã ï¼ ã‚¹ãƒšã‚·ãƒ£ãƒ«,2019-02-16T23:34+09:00,1900-01-01,https://www.tsujileaks.com/?p=518,http://tsujileaks.com/media/are_190217_xsd.m4a,
3,21,S3#21,ç¬¬21å› ã‚ã‘ãŠã‚ï¼ãƒ©ãƒ³ã‚µãƒ ï¼DDoSï¼è‰¦Collection #1 ã‚¹ãƒšã‚·ãƒ£ãƒ«ï¼,2019-01-24T01:36+09:00,1900-01-01,https://www.tsujileaks.com/?p=515,http://www.tsujileaks.com/media/are_190124_zxcoo.mp3,
3,20,S3#20,ç¬¬20å› å®¤é•·ã‚¹ãƒšã‚·ãƒ£ãƒ«ï¼,2018-12-30T11:04+09:00,1900-01-01,https://www.tsujileaks.com/?p=510,http://www.tsujileaks.com/media/are181228_djjaljda.mp3,
3,19,S3#19,ç¬¬19å› ãƒãƒƒãƒ‰ã‚­ãƒ£ã‚¹ãƒˆã‚’19å›ã—ãŸã ã‘ãªã®ã« ã‚¹ãƒšã‚·ãƒ£ãƒ«,2018-12-18T16:12+09:00,1900-01-01,https://www.tsujileaks.com/?p=507,http://www.tsujileaks.com/media/are181217_987b.mp3,
3,18,S3#18,ç¬¬18å› ãƒãƒƒãƒ‰ã‚­ãƒ£ã‚¹ãƒˆã‚’18å›ã—ãŸã ã‘ãªã®ã« ã‚¹ãƒšã‚·ãƒ£ãƒ«,2018-11-02T01:54+09:00,1900-01-01,https://www.tsujileaks.com/?p=503,http://www.tsujileaks.com/media/are_181102_taitai.m4a,
3,17,S3#17,ç¬¬17å› ã‚¹ã‚¯ãƒ¼ãƒ—ï¼ã‚¹ã‚¯ãƒ¼ãƒ—ï¼16å„„ï¼ã‚¹ãƒšã‚·ãƒ£ãƒ«,2018-09-21T10:29+09:00,1900-01-01,https://www.tsujileaks.com/?p=498,http://www.tsujileaks.com/media/are_180918_ujh4.m4a,
3,16,S3#16,ç¬¬16å› STOPï¼æä¾›å…ƒä¸æ˜ã‚¤ãƒ³ã‚¹ãƒˆãƒ¼ãƒ«ï¼ï¼ã‚¹ãƒšã‚·ãƒ£ãƒ«,2018-08-05T21:32+09:00,1900-01-01,https://www.tsujileaks.com/?p=495,http://www.tsujileaks.com/media/are_180803_akjdu.m4a,
3,15,S3#15,ç¬¬15å› ãƒªã‚¹ãƒˆå‹æ”»æ’ƒã¯ãªããªã£ã¦ãªã„ã‚“ã ï¼ã‚¹ãƒšã‚·ãƒ£ãƒ«,2018-06-26T23:33+09:00,1900-01-01,https://www.tsujileaks.com/?p=491,http://tsujileaks.com/media/are_180626_jnbh.m4a,
3,14,S3#14,ç¬¬14å› ã‚«ãƒ¬ãƒ¼ã‚’é£Ÿã¹ãªãŒã‚‰SP 800-63B From USAã ï¼ã‚¹ãƒšã‚·ãƒ£ãƒ«,2018-05-23T19:53+09:00,1900-01-01,https://www.tsujileaks.com/?p=488,http://tsujileaks.com/media/are180520_jdajy.m4a,
3,13,S3#13,ç¬¬13å› é›‘è«‡ã—ã™ãã®å®šæœŸå¤‰æ›´å¼·åˆ¶ã—ãªã„ï¼ã‚¹ãƒšã‚·ãƒ£ãƒ«,2018-04-19T00:30+09:00,1900-01-01,https://www.tsujileaks.com/?p=484,http://www.tsujileaks.com/media/are_180413_vbn.m4a,
3,12,S3#12,ç¬¬12å› éƒ½å†…æŸæ‰€ã‹ã‚‰DDoSã‚¦ã‚©ãƒƒãƒã¸ã®æ„›ãŒæ­¢ã¾ã‚‰ãªã„ï¼ã‚¹ãƒšã‚·ãƒ£ãƒ«,2018-03-05T12:39+09:00,1900-01-01,https://www.tsujileaks.com/?p=480,http://www.tsujileaks.com/media/are180305_pptp.mp3,
3,11,S3#11,ç¬¬11å› ã€Œãƒ“ã‚¸ãƒã‚¹ãƒ¡ãƒ¼ãƒ«è©æ¬ºã€è©æ¬ºã«æ°—ã‚’ã¤ã‘ã‚ï¼ã‚¹ãƒšã‚·ãƒ£ãƒ«,2017-12-31T02:11+09:00,1900-01-01,https://www.tsujileaks.com/?p=474,http://tsujileaks.com/media/are171228_1543.mp3,
3,10,S3#10,ç¬¬10å› ãƒã‚¤ãƒ‹ãƒ³ã‚°ã¨ã‚¨ã‚¹ãƒˆãƒ‹ã‚¢ã®è©±ã‚’ã—ãŸã‚ˆï¼ã‚¹ãƒšã‚·ãƒ£ãƒ«,2017-10-30T03:12+09:00,1900-01-01,https://www.tsujileaks.com/?p=469,http://tsujileaks.com/media/are_171030_zxcvf.mp3,
3,9,S3#9,ç¬¬9å› DDoSãŒã‚ã‚Šã‚ã¾ã‚‹ï¼ã‚¹ãƒšã‚·ãƒ£ãƒ«,2017-09-28T01:58+09:00,1900-01-01,https://www.tsujileaks.com/?p=465,http://www.tsujileaks.com/media/are_170926_1620bbb.mp3,
3,8,S3#8,ç¬¬8å› ã“ã‚Œã‚‚ã“ã®å¾Œã‚‚æœ¬ç•ªãªã‚“ã ãœï¼ã‚¹ãƒšã‚·ãƒ£ãƒ«,2017-08-30T22:43+09:00,1900-01-01,https://www.tsujileaks.com/?p=460,http://www.tsujileaks.com/media/are_170830_1500.mp3,
3,7,S3#7-2,ç¬¬7å›åˆ†ã®é›‘è«‡ã‚„ã§ï¼,2017-08-06T20:55+09:00,1900-01-01,https://www.tsujileaks.com/?p=457,http://www.tsujileaks.com/media/are_170803_ppz.mp3,
3,7,S3#7-1,ç¬¬7å› ãƒ©ãƒ³ã‚µãƒ ãŒã‚ã‚Šã‚ã¾ã‚‹ã£â™ªã‚¹ãƒšã‚·ãƒ£ãƒ«,2017-08-03T13:17+09:00,1900-01-01,https://www.tsujileaks.com/?p=455,http://www.tsujileaks.com/media/are_170803_ppapt.mp3,
3,6,S3#6-2,ç¬¬6å›åˆ†ã®é›‘è«‡ã ï¼,2017-07-19T03:52+09:00,1900-01-01,https://www.tsujileaks.com/?p=450,http://www.tsujileaks.com/media/are_170720_zzz.mp3,
3,6,S3#6-1,ç¬¬6å› 40äººã‚­ãƒ£ãƒ‘ã®éƒ¨å±‹ã§æŒ¯ã‚Šè¿”ã‚Œã°2äººãŒã„ã‚‹ï¼ã‚¹ãƒšã‚·ãƒ£ãƒ«,2017-07-19T02:37+09:00,1900-01-01,https://www.tsujileaks.com/?p=448,http://www.tsujileaks.com/media/are_170719_two_z.mp3,
3,5,S3#5,ç¬¬5å› ç·Šæ€¥ç‰¹ç•ªçš„ãªæ„Ÿã˜ã§ãƒšãƒãƒ£ã‚¯ãƒãƒ£ã‚„ã‚ã†ãœï¼ã‚¹ãƒšã‚·ãƒ£ãƒ«,2017-07-01T00:24+09:00,1900-01-01,https://www.tsujileaks.com/?p=445,http://tsujileaks.com/media/are_170701_b.mp3,
3,4,S3#4,ç¬¬4å› è¡¨å½°ã•ã‚Œã¦ãŠã‚ã§ãŸã„ã®ã§ä»Šå›ã¯ãªã‚“ã ã‹äººãŒå¤šã„ã‚ˆï¼ã‚¹ãƒšã‚·ãƒ£ãƒ«,2017-06-29T13:15+09:00,1900-01-01,https://www.tsujileaks.com/?p=441,http://tsujileaks.com/media/are_170628_z.mp3,
3,3,S3#3,ç¬¬3å› äººæè‚²æˆã«ã‚¨ãƒ¢ãèªã‚‹ãƒœã‚¯ãŸã¡ã«ã¯ã‚­ãƒ«ã‚¹ã‚¤ãƒƒãƒã¯ãªã„ãœï¼ã‚¹ãƒšã‚·ãƒ£ãƒ«,2017-05-29T22:00+09:00,1900-01-01,https://www.tsujileaks.com/?p=435,http://www.tsujileaks.com/media/are_170529.mp3,
3,2,S3#2,ç¬¬2å› ä»Šé€±æœ«ã¯ãƒªã‚µãƒ¼ãƒãƒ£ãƒ¼ã‚ºãƒŠã‚¤ãƒˆã ã‚ˆï¼Donâ€™t Wanna Cryï¼ã‚¹ãƒšã‚·ãƒ£ãƒ«,2017-05-23T22:05+09:00,1900-01-01,https://www.tsujileaks.com/?p=431,http://tsujileaks.com/media/are_170523.mp3,
3,1,S3#1,ç¬¬1å› å‹•ç”»ã®ã‚¢ãƒ¬ã‹ã‚‰ãƒãƒƒãƒ‰ã‚­ãƒ£ã‚¹ãƒˆã®ã‚¢ãƒ¬ã«å¸°ã£ã¦ããŸã‚ˆï¼ã‚¹ãƒšã‚·ãƒ£ãƒ«,2017-04-23T23:08+09:00,1900-01-01,https://www.tsujileaks.com/?p=426,http://tsujileaks.com/media/are_170423.mp3,
2,44,S2#44,ã‚µã‚¤ãƒãƒ¼ã‚»ã‚­ãƒ¥ãƒªãƒ†ã‚£äººæ°—å‹•ç”»é€£è¼‰â€œç·é›†ç·¨â€,2017-03-30T05:00+09:00,1900-01-01,https://atmarkit.itmedia.co.jp/ait/articles/1703/30/news032.html,,
2,43,S2#43,ã©ã‚Œã ã‘æ³¨æ„å–šèµ·ã—ã¦ã‚‚ã€Œãƒ‘ã‚¹ãƒ¯ãƒ¼ãƒ‰ã®å®‰å…¨ãªç®¡ç†ã€ãŒæ™®åŠã—ãªã„ã®ã¯ãªãœãªã®ã‹,2017-03-21T05:00+09:00,1900-01-01,https://atmarkit.itmedia.co.jp/ait/articles/1703/21/news025.html,,
2,42,S2#42,æ·»ä»˜ãƒ•ã‚¡ã‚¤ãƒ«ã«ã‚ˆã‚‹ã‚¦ã‚¤ãƒ«ã‚¹æ”»æ’ƒã€ã€Œé–‹ã‹ãªã„ã€ä»¥å¤–ã®æœ‰åŠ¹ãªå¯¾ç­–ã‚’è€ƒãˆã‚‹,2017-03-13T05:00+09:00,1900-01-01,https://atmarkit.itmedia.co.jp/ait/articles/1703/13/news035.html,,
2,41,S2#41,ã€Œè‡ªç¤¾ã‚’é¨™ã‚‹ãƒ¡ãƒ¼ãƒ«ãŒå‡ºå›ã£ã¦ã„ã‚‹â€¦â€¦ã€â€•â€•ä¼æ¥­ã¯ã©ã†â€œæ³¨æ„å–šèµ·â€ã™ã¹ãã‹ï¼Ÿ,2017-02-10T05:00+09:00,1900-01-01,https://atmarkit.itmedia.co.jp/ait/articles/1702/10/news029.html,,
2,40,S2#40,ã€Œãƒ•ãƒ©ãƒƒãƒˆ35ã€æƒ…å ±æ¼ãˆã„äº‹ä»¶ã‹ã‚‰å­¦ã¶åŸºæœ¬ã®å¤§åˆ‡ã•,2016-12-28T05:00+09:00,1900-01-01,https://atmarkit.itmedia.co.jp/ait/articles/1612/28/news028.html,,
2,39,S2#39,è‡ªç¤¾ã‚’å®ˆã‚‹ãŸã‚ã®ã€Œãƒãƒ¼ãƒˆã‚¹ã‚­ãƒ£ãƒ³ã€æ´»ç”¨è¡“,2016-12-22T05:00+09:00,1900-01-01,https://atmarkit.itmedia.co.jp/ait/articles/1612/22/news046.html,,
2,38,S2#38,IoTæ©Ÿå™¨ã‚’æ‚ªç”¨ã™ã‚‹DDoSæ”»æ’ƒã€æ‰“ã¤æ‰‹ã¯ã‚ã‚‹ã®ã‹,2016-11-29T05:00+09:00,1900-01-01,https://atmarkit.itmedia.co.jp/ait/articles/1611/29/news028.html,,
2,37,S2#37,ã€Œã‚»ã‚­ãƒ¥ãƒªãƒ†ã‚£è¨ºæ–­ã€ã‚’å—ã‘ã‚‹å‰ã«çŸ¥ã£ã¦ãŠããŸã„åŸºç¤çŸ¥è­˜,2016-11-07T05:00+09:00,1900-01-01,https://atmarkit.itmedia.co.jp/ait/articles/1611/07/news019.html,,
2,36,S2#36,Operation Killing Bayã¨ã¯ä½•ã‹ï¼Ÿ å›½éš›çš„ãªã‚µã‚¤ãƒãƒ¼æ”»æ’ƒäº‹æƒ…ã‚’å°‚é–€å®¶ãŸã¡ãŒèªã‚‹,2016-10-24T05:00+09:00,1900-01-01,https://atmarkit.itmedia.co.jp/ait/articles/1610/24/news035.html,,
2,35,S2#35,è„†å¼±æ€§æƒ…å ±ã‚’èª­ã¿è§£ãéš›ã®å¿…é ˆç”¨èªã€exploitï¼ˆã‚¨ã‚¯ã‚¹ãƒ—ãƒ­ã‚¤ãƒˆï¼‰ã¨ã¯,2016-10-11T05:08+09:00,1900-01-01,https://atmarkit.itmedia.co.jp/ait/articles/1610/10/news008.html,,
2,34,S2#34,ã€Œã‚¼ãƒ­ãƒ‡ã‚¤ã€ã¨ã¯ä½•ã‹ï¼Ÿâ€•â€•æƒ…å ±ã‚»ã‚­ãƒ¥ãƒªãƒ†ã‚£ç”¨èªè§£èª¬ã‚·ãƒªãƒ¼ã‚º,2016-09-20T05:00+09:00,1900-01-01,https://atmarkit.itmedia.co.jp/ait/articles/1609/20/news034.html,,
2,33,S2#33,ã‚»ã‚­ãƒ¥ãƒªãƒ†ã‚£äº‹æ•…ç™ºç”Ÿã€ä¼æ¥­ã¯ã©ã“ã¾ã§ã€Œæƒ…å ±é–‹ç¤ºã€ã™ã‚Œã°ã‚ˆã„ã®ã‹,2016-09-12T05:00+09:00,1900-01-01,https://atmarkit.itmedia.co.jp/ait/articles/1609/12/news030.html,,
2,32,S2#32,ã€Œãƒã‚±ãƒ¢ãƒ³GOã€ã«ã€Œãƒªã‚ªã‚ªãƒªãƒ³ãƒ”ãƒƒã‚¯ã€ã€ã‚»ã‚­ãƒ¥ãƒªãƒ†ã‚£å°‚é–€å®¶ã¯ã©ã†è¦‹ãŸã‹,2016-09-05T05:00+09:00,1900-01-01,https://atmarkit.itmedia.co.jp/ait/articles/1609/05/news033.html,,
2,31,S2#31,LinkedInã€MySpaceã€Tumblrã‹ã‚‰ã®å¤§é‡æƒ…å ±æ¼ãˆã„ã«ã¤ã„ã¦æ•´ç†ã™ã‚‹,2016-08-29T05:00+09:00,1900-01-01,https://atmarkit.itmedia.co.jp/ait/articles/1608/29/news033.html,,
2,30,S2#30,ç›®ã«è¦‹ãˆãªã„ã€ŒWebã‚µã‚¤ãƒˆæ”¹ã–ã‚“ã€ã«æ°—ä»˜ãæ–¹æ³•,2016-08-19T05:00+09:00,1900-01-01,https://atmarkit.itmedia.co.jp/ait/articles/1608/19/news034.html,,
2,29,S2#29,C2ï¼ˆC&Cï¼‰ã¨ã¯,2016-07-27T05:00+09:00,1900-01-01,https://atmarkit.itmedia.co.jp/ait/articles/1607/27/news016.html,,
2,28,S2#28,JTBä¸æ­£ã‚¢ã‚¯ã‚»ã‚¹äº‹ä»¶ã‹ã‚‰ä½•ã‚’å­¦ã³ã¨ã‚Œã‚‹ã®ã‹ï¼Ÿ,2016-07-11T05:00+09:00,1900-01-01,https://atmarkit.itmedia.co.jp/ait/articles/1607/11/news043.html,,
2,27,S2#27,èª°ã§ã‚‚åˆ†ã‹ã‚‹ã€ŒTorã€è§£èª¬,2016-06-03T05:00+09:00,1900-01-01,https://atmarkit.itmedia.co.jp/ait/articles/1606/03/news040.html,,
2,26,S2#26,å°‚é–€å®¶ãŒæ•™ãˆã‚‹ã€Œè„†å¼±æ€§æƒ…å ±ã€ã®è¦‹æ–¹,2016-05-27T05:00+09:00,1900-01-01,https://atmarkit.itmedia.co.jp/ait/articles/1605/27/news037.html,,
2,25,S2#25,ã€ŒGoogle Hackingï¼ˆã‚°ãƒ¼ã‚°ãƒ« ãƒãƒƒã‚­ãƒ³ã‚°ï¼‰ã€ã¨ã¯,2016-05-20T05:00+09:00,1900-01-01,https://atmarkit.itmedia.co.jp/ait/articles/1605/20/news026.html,,
2,24,S2#24,å€‹äººæƒ…å ±æ¼ãˆã„ãŒç›¸æ¬¡ã„ã 2016å¹´4æœˆâ€•â€•ã‚»ã‚­ãƒ¥ãƒªãƒ†ã‚£å°‚é–€å®¶ãŸã¡ãŒæŒ¯ã‚Šè¿”ã‚‹,2016-05-13T05:00+09:00,1900-01-01,https://atmarkit.itmedia.co.jp/ait/articles/1605/13/news029.html,,
2,23,S2#23,ã€Œãƒ‘ã‚¹ãƒ¯ãƒ¼ãƒ‰ã®å®šæœŸå¤‰æ›´ã€ã‚’è€ƒãˆç›´ãã†,2016-04-28T05:00+09:00,1900-01-01,https://atmarkit.itmedia.co.jp/ait/articles/1604/28/news038.html,,
2,22,S2#22,ãƒãƒƒã‚­ãƒªåˆ†ã‹ã‚‹ã€Œæ¨™çš„å‹æ”»æ’ƒã€ã€Œã°ã‚‰ã¾ãå‹æ”»æ’ƒã€ã€ŒAPTã€,2016-04-22T05:00+09:00,1900-01-01,https://atmarkit.itmedia.co.jp/ait/articles/1604/22/news024.html,,
2,21,S2#21,æƒ…å ±ã«æŒ¯ã‚Šå›ã•ã‚Œãªã„ãŸã‚ã«æ–°å…¥ç¤¾å“¡ãŒçŸ¥ã£ã¦ãŠãã¹ãã“ã¨,2016-04-15T05:00+09:00,1900-01-01,https://atmarkit.itmedia.co.jp/ait/articles/1604/15/news029.html,,
2,20,S2#20,ã‚ãªãŸã®ã€Œã‚¯ãƒ¬ã‚¸ãƒƒãƒˆã‚«ãƒ¼ãƒ‰ãƒã‚¤ãƒ³ãƒˆã€ã€å‹æ‰‹ã«ä½¿ã‚ã‚Œã¦ã„ã‚‹ã‹ã‚‚ã—ã‚Œã¾ã›ã‚“,2016-04-08T05:00+09:00,1900-01-01,https://atmarkit.itmedia.co.jp/ait/articles/1604/08/news041.html,,
2,19,S2#19,ã€Œãƒãƒƒã‚¯ãƒ‰ã‚¢ã€ã¨ã¯ä½•ã‹â€•â€•ã€Œã‚¢ãƒƒãƒ—ãƒ«å¯¾FBIé¨’å‹•ã€ã§ã‚‚å–ã‚Šæ²™æ±°ã•ã‚ŒãŸã‚»ã‚­ãƒ¥ãƒªãƒ†ã‚£ç”¨èªã‚’è§£èª¬,2016-04-01T05:00+09:00,1900-01-01,https://atmarkit.itmedia.co.jp/ait/articles/1603/31/news101.html,,
2,18,S2#18,ã€Œãƒ‘ã‚¹ãƒ¯ãƒ¼ãƒ‰ç®¡ç†ãƒ„ãƒ¼ãƒ«ã€ã‚’ä½¿ã£ã¦ã¿ã‚ˆã†ï¼â€•â€•ãƒ‡ãƒ¢æœ‰ã‚Š,2016-03-25T05:00+09:00,1900-01-01,https://atmarkit.itmedia.co.jp/ait/articles/1603/25/news039.html,,
2,17,S2#17,äººã‚„ç¤¾ä¼šã®â€œè„†å¼±æ€§â€ã‚’çªãã€Œã‚½ãƒ¼ã‚·ãƒ£ãƒ«ã‚¨ãƒ³ã‚¸ãƒ‹ã‚¢ãƒªãƒ³ã‚°ã€ã‹ã‚‰èº«ã‚’å®ˆã‚‹ãŸã‚ã«ã¯,2016-03-18T05:00+09:00,1900-01-01,https://atmarkit.itmedia.co.jp/ait/articles/1603/18/news037.html,,
2,16,S2#16,ã€Œãƒ©ãƒ³ã‚µãƒ ã‚¦ã‚§ã‚¢ã€ã«ã€Œglibcè„†å¼±æ€§ã€ã€ã‚»ã‚­ãƒ¥ãƒªãƒ†ã‚£å°‚é–€å®¶ã¯ã©ã†è¦‹ã‚‹ã‹,2016-03-11T05:00+09:00,1900-01-01,https://atmarkit.itmedia.co.jp/ait/articles/1603/11/news044.html,,
2,15,S2#15,CMSã®ã‚»ã‚­ãƒ¥ãƒªãƒ†ã‚£å¯¾ç­–ã®ãƒã‚¤ãƒ³ãƒˆ,2016-03-04T05:00+09:00,1900-01-01,https://atmarkit.itmedia.co.jp/ait/articles/1603/04/news029.html,,
2,14,S2#14,â€œIoTæ™‚ä»£â€ã«çŸ¥ã£ã¦ãŠãã¹ãæœ€ä½é™ã®ã‚»ã‚­ãƒ¥ãƒªãƒ†ã‚£å¸¸è­˜,2016-02-26T05:00+09:00,1900-01-01,https://atmarkit.itmedia.co.jp/ait/articles/1602/26/news047.html,,
2,13,S2#13,ã‚»ã‚­ãƒ¥ãƒªãƒ†ã‚£å°‚é–€å®¶ãŒæ•™ãˆã‚‹ã€Œèª°ã§ã‚‚ã§ãã‚‹ãƒ‘ã‚¹ãƒ¯ãƒ¼ãƒ‰ç®¡ç†ã®ã‚„ã‚Šæ–¹ã€,2016-02-19T05:00+09:00,1900-01-01,https://atmarkit.itmedia.co.jp/ait/articles/1602/19/news047.html,,
2,12,S2#12,ã‚»ã‚­ãƒ¥ãƒªãƒ†ã‚£å°‚é–€å®¶ãŒè§£èª¬ã™ã‚‹ã€Œ1æœˆã®æ³¨ç›®äº‹ä»¶ã€,2016-02-12T05:00+09:00,1900-01-01,https://atmarkit.itmedia.co.jp/ait/articles/1602/12/news033.html,,
2,11,S2#11,ã€Œå…¬è¡†ç„¡ç·šLANã€ã®å®‰å…¨ãªä½¿ã„æ–¹,2016-02-05T05:00+09:00,1900-01-01,https://atmarkit.itmedia.co.jp/ait/articles/1602/05/news035.html,,
2,10,S2#10,ã€Œã¤ãªã„ã ã‚‰çµ‚ã‚ã‚Šã€ã˜ã‚ƒãªã„ã€Œãƒ›ãƒ¼ãƒ ãƒ«ãƒ¼ã‚¿ãƒ¼ã€ã®ã‚»ã‚­ãƒ¥ãƒªãƒ†ã‚£,2016-01-29T05:00+09:00,1900-01-01,https://atmarkit.itmedia.co.jp/ait/articles/1601/29/news046.html,,
2,9,S2#9,ã€Œãƒ•ã‚£ãƒƒã‚·ãƒ³ã‚°ã€ã®æ‰‹å£ã€ãŠè¦‹ã›ã—ã¾ã™,2016-01-22T05:00+09:00,1900-01-01,https://atmarkit.itmedia.co.jp/ait/articles/1601/22/news046.html,,
2,8,S2#8,ã‚ãã©ã„ã€Œãƒ©ãƒ³ã‚µãƒ ã‚¦ã‚§ã‚¢ã€ã«ã©ã†å¯¾å‡¦ã™ã¹ãã‹,2016-01-15T05:00+09:00,1900-01-01,https://atmarkit.itmedia.co.jp/ait/articles/1601/15/news033.html,,
2,7,S2#7,ã€Œæ¨™çš„å‹ãƒ¡ãƒ¼ãƒ«æ”»æ’ƒè¨“ç·´ã€ã«ã‚‚ã®ç”³ã™,2015-12-28T05:00+09:00,1900-01-01,https://atmarkit.itmedia.co.jp/ait/articles/1512/28/news023.html,,
2,6,S2#6,æ—¥æœ¬å¹´é‡‘æ©Ÿæ§‹æƒ…å ±æ¼ãˆã„äº‹ä»¶ã§ã‚‚æ‚ªç”¨ã•ã‚ŒãŸã€Œç›²ç‚¹ã€ã¨ã¯,2015-12-18T05:00+09:00,1900-01-01,https://atmarkit.itmedia.co.jp/ait/articles/1512/18/news037.html,,
2,5,S2#5,äºŒæ®µéšèªè¨¼ã¯é¢å€’ãã•ã„ï¼Ÿã€å‹•ç”»ã€‘,2015-12-11T05:00+09:00,1900-01-01,https://atmarkit.itmedia.co.jp/ait/articles/1512/11/news036.html,,
2,4,S2#4,æ‹¡å¼µå­ã€è¡¨ç¤ºã—ã¦ã¾ã™ã‹ï¼Ÿâ€•â€•ãƒãƒ«ã‚¦ã‚¨ã‚¢å¯¾ç­–ã®ã€Œç¬¬ä¸€æ­©ã€ã‚’å†ç¢ºèªã—ã‚ˆã†ã€å‹•ç”»ã€‘,2015-12-04T05:00+09:00,1900-01-01,https://atmarkit.itmedia.co.jp/ait/articles/1512/04/news026.html,,
2,3,S2#3,ã€Œæ—¥æœ¬ã®ã‚µã‚¤ãƒˆã‚’æ¨™çš„ã«ã—ãŸDDoSæ”»æ’ƒã¨å¯¾ç­–ã€â€•â€•æ”»æ’ƒè€…ã¯èª°ï¼Ÿ ãã®ç‹™ã„ã¯ï¼Ÿã€å‹•ç”»ã€‘,2015-11-26T05:00+09:00,1900-01-01,https://atmarkit.itmedia.co.jp/ait/articles/1511/26/news023.html,,
2,2,S2#2,Microsoft Officeã®ãƒã‚¯ãƒ­æ©Ÿèƒ½ã‚’ä½¿ã£ãŸã€Œã°ã‚‰ã¾ãå‹ã‚¦ã‚¤ãƒ«ã‚¹ã€ã€ä»Šã™ãå®Ÿè·µå¯èƒ½ãªå¯¾ç­–ã¯ï¼Ÿã€å‹•ç”»ã€‘,2015-11-18T05:00+09:00,1900-01-01,https://atmarkit.itmedia.co.jp/ait/articles/1511/18/news041.html,,
2,1,S2#1,ã€Œãƒ¬ã‚¤ãƒãƒ³ã‚’ã‹ãŸã£ãŸã‚¹ãƒ‘ãƒ æŠ•ç¨¿ã€ã‚’ã©ã†è¦‹ã‚‹ï¼Ÿã€å‹•ç”»ã€‘,2015-11-10T05:00+09:00,1900-01-01,https://atmarkit.itmedia.co.jp/ait/articles/1511/10/news022.html,,
2,0,S2#0,ã€Œã‚¤ãƒ³ã‚·ãƒ‡ãƒ³ãƒˆã‚’ãŸã ã®ã€è©±é¡Œã€ã§çµ‚ã‚ã‚‰ã›ã‚‹ãªã€â€•â€•ã‚»ã‚­ãƒ¥ãƒªãƒ†ã‚£æ™‚äº‹ãƒã‚¿ã¾ã¨ã‚å‹•ç”»é€£è¼‰,2015-11-10T05:00+09:00,1900-01-01,https://atmarkit.itmedia.co.jp/ait/articles/1511/10/news021.html,,
1,26,S1#26,ç¬¬26å› ç©ºã‘ã¾ã—ã¦ãŠã‚ã§ã¨ã†ï¼ã‚¹ãƒšã‚·ãƒ£ãƒ« å¾Œç·¨,2015-03-30T10:28+09:00,1900-01-01,https://www.tsujileaks.com/?p=400,http://www.tsujileaks.com/media/tsujileaks_201503_2.m4a,
1,25,S1#25,ç¬¬25å› ç©ºã‘ã¾ã—ã¦ãŠã‚ã§ã¨ã†ï¼ã‚¹ãƒšã‚·ãƒ£ãƒ« å‰ç·¨,2015-03-25T16:05+09:00,1900-01-01,https://www.tsujileaks.com/?p=395,http://www.tsujileaks.com/media/tsujileaks_201503_1.m4a,
1,24,S1#24,ç¬¬24å› ãƒœã‚¯ãŸã¡ã®æˆ¦ã„ã¯å§‹ã¾ã£ãŸã°ã‹ã‚Šã ï¼ã‚¹ãƒšã‚·ãƒ£ãƒ«,2014-09-24T23:32+09:00,1900-01-01,https://www.tsujileaks.com/?p=381,http://www.tsujileaks.com/media/tsujileaks24.m4a,
1,23,S1#23,ç¬¬23å› äºŒé€±ç¶šã‘ã¦ï¼æ¯å›ãŒã‚¹ãƒšã‚·ãƒ£ãƒ«ã‹ã­ï¼Ÿã‚¹ãƒšã‚·ãƒ£ãƒ«,2014-08-12T23:24+09:00,1900-01-01,https://www.tsujileaks.com/?p=372,http://www.tsujileaks.com/media/tsujileaks_0811.m4a,
1,22,S1#22,ç¬¬22å› äººãŒé›†ã¾ã£ãŸã®ã§åéŒ²ã—ãŸã‚ˆï¼ã‚¹ãƒšã‚·ãƒ£ãƒ«,2014-08-10T22:48+09:00,1900-01-01,https://www.tsujileaks.com/?p=367,http://www.tsujileaks.com/media/tsujileaks_0804.m4a,
1,21,S1#21,ç¬¬21å› ã¨ã‚Šã‚ãˆãšèã„ã¦ã‚ˆã£ï¼å¥¥ã•ã‚“ã£ï¼ã‚¹ãƒšã‚·ãƒ£ãƒ«,2014-05-12T08:11+09:00,1900-01-01,https://www.tsujileaks.com/?p=348,http://www.tsujileaks.com/media/tsujileaks0509.m4a,
1,20,S1#20,ç¬¬20å› ã‚ã‚ŠãŒã¨ã†ï¼XPï¼ãŠç–²ã‚Œã•ã¾ï¼XPï¼ã‚¹ãƒšã‚·ãƒ£ãƒ«,2014-04-14T23:11+09:00,1900-01-01,https://www.tsujileaks.com/?p=344,http://www.tsujileaks.com/media/tsujileaks0409.m4a,
1,19,S1#19,ç¬¬19å› å¤§é˜ªã‚ˆã‚Šæ„›ã‚’è¾¼ã‚ã¦ã€‚ã‚ã‘ã¾ã—ã¦ãŠã‚ã§ã¨ã†ã‚¹ãƒšã‚·ãƒ£ãƒ«,2014-03-04T14:49+09:00,1900-01-01,https://www.tsujileaks.com/?p=339,http://www.tsujileaks.com/media/tsujileaks_0304.m4a,
1,18,S1#18,ç¬¬18å› æœ¬å½“ã«ã‚ˆã„ãŠå¹´ã‚’ï¼è³ªå•ãŒããŸã®ã§è©±é¡Œã«ã—ãŸã‚ˆï¼ ã‚¹ãƒšã‚·ãƒ£ãƒ«,2013-12-23T20:42+09:00,1900-01-01,https://www.tsujileaks.com/?p=333,http://www.tsujileaks.com/media/tsujileaks20131223.m4a,
1,17,S1#17,ç¬¬17å› ã‚‚ã†ãƒ‘ã‚¹ãƒ¯ãƒ¼ãƒ‰ã®å®šæœŸå¤‰æ›´è¨€ã†ãªãªã‚“ã¦è¨€ã‚ãªã„ã‚ˆçµ¶å¯¾ï¼ï¼ã‚¹ãƒšã‚·ãƒ£ãƒ«,2013-10-28T09:45+09:00,1900-01-01,https://www.tsujileaks.com/?p=329,http://www.tsujileaks.com/media/tsujileaks201310.m4a,
1,16,S1#16,ç¬¬16å› ã—ã‚ƒã£ãã‚ŠãŒæ­¢ã¾ã‚‰ãªã„ï¼ã‚¹ãƒšã‚·ãƒ£ãƒ«,2013-07-07T19:37+09:00,1900-01-01,https://www.tsujileaks.com/?p=315,http://www.tsujileaks.com/media/tsujileaks16.m4a,
1,15,S1#15,ç¬¬15å› åéŒ²ã—ã¦å…¬é–‹ã¾ã§ã®ãƒ‡ãƒ¢ã—ãŸã‚ˆï¼ ã‚¹ãƒšã‚·ãƒ£ãƒ«,2013-04-24T21:42+09:00,1900-01-01,https://www.tsujileaks.com/?p=309,http://www.tsujileaks.com/media/tsujileaks_15.m4a,
1,14,S1#14,ç¬¬14å› ç›®ã¾ãã‚‹ã—ã„ã‘ã©å„ã€…é ‘å¼µã£ã¦ã‚‹ã‚ˆï¼ã‚¹ãƒšã‚·ãƒ£ãƒ«,2013-04-07T23:58+09:00,1900-01-01,https://www.tsujileaks.com/?p=300,http://www.tsujileaks.com/media/tsujileaks14.m4a,
1,13,S1#13,ç¬¬13å› å‹¢ã„ã«ã¾ã‹ã›ã¦æ€¥é½åéŒ²ãŒé–‹å§‹ã•ã‚ŒãŸã‚ˆï¼ã‚¹ãƒšã‚·ãƒ£ãƒ«,2013-02-13T21:39+09:00,1900-01-01,https://www.tsujileaks.com/?p=281,http://www.tsujileaks.com/media/tsujileaks_special.m4a,
1,12,S1#12,ç¬¬12å› ã¿ã‚“ãªãŒå¹¸ã›ã«ãªã‚‹å˜˜ï¼ã‚¹ãƒšã‚·ãƒ£ãƒ«,2013-02-05T22:57+09:00,1900-01-01,https://www.tsujileaks.com/?p=266,http://www.tsujileaks.com/media/tsujileaks201302.m4a,
1,11,S1#11,ç¬¬11å› ãƒ¡ãƒªãƒ¼ ãƒŠãƒãƒªãƒã‚¹ï¼ã‚¹ãƒšã‚·ãƒ£ãƒ«,2012-12-24T23:01+09:00,1900-01-01,https://www.tsujileaks.com/?p=223,http://www.tsujileaks.com/media/tsujileaks11.m4a,http://www.tsujileaks.com/wp-content/uploads/merry_nanorymous01-1-300x300.jpg
1,10,S1#10,ç¬¬10å› é¢¨é‚ªï¼ŸèŠ±ç²‰ç—‡ï¼Ÿè±šè‰ãªã®ã‹ï¼Ÿãˆãƒ¼ãã—ã£ï¼ã‚¹ãƒšã‚·ãƒ£ãƒ«,2012-10-23T21:38+09:00,1900-01-01,https://www.tsujileaks.com/?p=204,http://www.tsujileaks.com/media/tsujileaks10.m4a,http://www.tsujileaks.com/wp-content/uploads/galert-300x116.png
1,9,S1#9,ç¬¬9å› çŸ­ã„é–“éš”ã§ãƒãƒ¼ã‚¢ã‚¤ãƒ‡ã‚¢ã ã‚¹ãƒšã‚·ãƒ£ãƒ«,2012-09-03T23:00+09:00,1900-01-01,https://www.tsujileaks.com/?p=196,http://www.tsujileaks.com/media/tsujileaks9.m4a,
1,8,S1#8,ç¬¬8å› åˆã‚ã¦ã®ã‚ªãƒ•ãƒ©ã‚¤ãƒ³åéŒ²ï¼åˆã‚ã¦ã®ã‚²ã‚¹ãƒˆï¼ã—ã‹ã‚‚å¥³æ€§ï¼ã‚¹ãƒšã‚·ãƒ£ãƒ«,2012-08-12T22:56+09:00,1900-01-01,https://www.tsujileaks.com/?p=174,http://tsujileaks.com/media/tsujileaks8.m4a,
1,7,S1#7,ç¬¬7å› ã‚»ã‚­ãƒ¥ãƒªãƒ†ã‚£ã«é–¢ä¿‚ã®ã‚ã‚‹è©±ã‚’ã§ãã‚‹ã ã‘ã—ã‚ˆã†ã‚¹ãƒšã‚·ãƒ£ãƒ«ã€‚,2012-07-28T17:13+09:00,1900-01-01,https://www.tsujileaks.com/?p=162,http://tsujileaks.com/media/tsujileaks7.m4a,
1,6,S1#6,ç¬¬6å› è‰²ã€…ã‚ã‚‹ã‘ã©æ¥½ã«ã„ã“ã†ãœï¼ã‚¹ãƒšã‚·ãƒ£ãƒ«,2012-05-14T13:18+09:00,1900-01-01,https://www.tsujileaks.com/?p=152,http://www.tsujileaks.com/media/tsujileaks06.m4a,
1,5,S1#5,ç¬¬5å› ãƒãƒ§ã‚³ãƒ¬ãƒ¼ãƒˆã¯æ•°ã§ã¯ãªã„ï¼é‡ã‚ˆã‚Šè³ªã ï¼ã‚¹ãƒšã‚·ãƒ£ãƒ«,2012-02-20T22:30+09:00,1900-01-01,https://www.tsujileaks.com/?p=131,http://www.tsujileaks.com/media/tsujileaks05.m4a,
1,4,S1#4,ç¬¬4å› ã†ã‹ã†ã‹ã—ã¦ãŸã‚‰å†¬ãŒå§‹ã¾ã‚‹ã‚ˆã‚¹ãƒšã‚·ãƒ£ãƒ«,2011-12-03T21:52+09:00,1900-01-01,https://www.tsujileaks.com/?p=114,http://www.tsujileaks.com/media/tsujileaks04.m4a,
1,3,S1#3,ç¬¬3å› æˆã‚Šè¡Œãã§ã“ã®ãƒãƒƒãƒ‰ã‚­ãƒ£ã‚¹ãƒˆã®ã‚¿ã‚¤ãƒˆãƒ«ãŒæ±ºã¾ã‚Šã¾ã—ãŸã‚¹ãƒšã‚·ãƒ£ãƒ«,2011-07-05T23:40+09:00,1900-01-01,https://www.tsujileaks.com/?p=73,http://tsujileaks.com/media/tsujileaks03.m4a,
1,2,S1#2,ç¬¬2å› ã€Œè‡ªç²›ã€ã¯è‡ªç²›ã•ã›ã¦ã„ãŸã ãã¾ã™ã‚¹ãƒšã‚·ãƒ£ãƒ«,2011-04-10T22:38+09:00,1900-01-01,https://www.tsujileaks.com/?p=41,http://www.tsujileaks.com/media/tsujileaks02.m4a,http://www.tsujileaks.com/wp-content/uploads/mtakeshi-300x254.png
1,1,S1#1,ç¬¬1å› ã‚¿ã‚¤ãƒˆãƒ«ã‚‚æ±ºã¾ã£ã¦ãªã„ã‘ã©ã¨ã‚Šã‚ãˆãšå§‹ã‚ã¾ã—ãŸã‚¹ãƒšã‚·ãƒ£ãƒ«,2011-02-21T01:46+09:00,1900-01-01,https://www.tsujileaks.com/?p=10,http://www.tsujileaks.com/media/security01.m4a,
