num,title,published_datetime,recorded_date,url,audio_url,image_url
262,"第262回 素晴らしき授かりものと頂きもの！スペシャル！","2025-05-26 20:00","2025-05-24","https://www.tsujileaks.com/?p=2021","https://www.tsujileaks.com/media/are_250526_Congrats_on_your_little_baby.mp3","http://www.tsujileaks.com/wp-content/uploads/gumikango-300x300.jpg"
261,"第261回 5月の第1木曜日と5月12日は何の日？スペシャル！","2025-05-19 20:00","2025-05-17","https://www.tsujileaks.com/?p=2015","https://www.tsujileaks.com/media/are_250519_yukijirushi.mp3","http://www.tsujileaks.com/wp-content/uploads/shopping-300x300.jpg"
260,"第260回 いたしかゆしいとしこいし！スペシャル！","2025-05-12 20:00","2025-05-10","https://www.tsujileaks.com/?p=2011","https://www.tsujileaks.com/media/are_250512_nothing.mp3","http://www.tsujileaks.com/wp-content/uploads/underthesea-300x300.jpg"
259,"第259回 KEVと軽EV！トリアージと取り回し！スペシャル！","2025-05-05 20:00","2025-05-03","https://www.tsujileaks.com/?p=2005","https://www.tsujileaks.com/media/are_250505_transistor_radio.mp3","http://www.tsujileaks.com/wp-content/uploads/gold-300x300.jpg"
258,"第258回 ʕ•ᴥ•  ʔ！スペシャル！","2025-04-14 20:00","2025-04-12","https://www.tsujileaks.com/?p=1998","https://www.tsujileaks.com/media/are_250414_kuma.mp3","http://www.tsujileaks.com/wp-content/uploads/o-kororin-300x300.jpg"
257,"第257回 わくわくアレちゃんねる！スペシャル！","2025-04-07 19:03","2025-04-05","https://www.tsujileaks.com/?p=1991","https://www.tsujileaks.com/media/are_250407_hunthunt.mp3","http://www.tsujileaks.com/wp-content/uploads/sakura-300x300.jpg"
256,"第256回 オンなのに0ff会だ！スペシャル！","2025-03-25 20:00","2025-03-23","https://www.tsujileaks.com/?p=1984","https://www.tsujileaks.com/media/are_250325_0ff.mp3","http://www.tsujileaks.com/wp-content/uploads/pen-300x300.jpg"
255,"第255回 名が体を表していこう！スペシャル！","2025-03-18 20:00","2025-03-16","https://www.tsujileaks.com/?p=1979","https://www.tsujileaks.com/media/are_250318_cyberday.mp3","http://www.tsujileaks.com/wp-content/uploads/HayFever-300x300.jpg"
254,"第254回 FLASHBACK 温泉！スペシャル！","2025-03-11 11:00","2025-03-10","https://www.tsujileaks.com/?p=1972","https://www.tsujileaks.com/media/are_250311_NSP.mp3","http://www.tsujileaks.com/wp-content/uploads/stove-300x300.jpg"
253,"第253回 😻！スペシャル！","2025-02-25 07:30","2025-02-22","https://www.tsujileaks.com/?p=1963","https://www.tsujileaks.com/media/are_250225_osusumesaretai.mp3","http://www.tsujileaks.com/wp-content/uploads/nighit-300x300.jpg"
252,"第252回 良い意味での「うちは大丈夫か？」もある！スペシャル！","2025-02-17 22:32","2025-02-16","https://www.tsujileaks.com/?p=1958","https://www.tsujileaks.com/media/are_250218_rankingnakushitai.mp3","http://www.tsujileaks.com/wp-content/uploads/inuinu-300x300.jpg"
251,"第251回 祝！地上波デビューだ！スペシャル！","2025-02-10 20:00","2025-02-08","https://www.tsujileaks.com/?p=1949","https://www.tsujileaks.com/media/are_250210_over-the-air.mp3","http://www.tsujileaks.com/wp-content/uploads/cho-300x300.jpg"
250,"第250回 なんでも中に餅入れたらええねん！スペシャル！","2025-02-04 20:00","2025-02-02","https://www.tsujileaks.com/?p=1941","https://www.tsujileaks.com/media/are_250203_NSANFS.mp3","http://www.tsujileaks.com/wp-content/uploads/kamakurango-300x300.jpg"
249,"第249回 準備8割おじさんだ！スペシャル！","2025-01-28 20:00","2025-01-26","https://www.tsujileaks.com/?p=1937","https://www.tsujileaks.com/media/are_250128_goldfinger.mp3","http://www.tsujileaks.com/wp-content/uploads/movie-300x300.jpg"
248,"第248回 ドンドンドン！ドンピ～♪スペシャル！","2025-01-20 20:00","2025-01-18","https://www.tsujileaks.com/?p=1930","https://www.tsujileaks.com/media/are_250119_jBeatles.mp3","http://www.tsujileaks.com/wp-content/uploads/mi-300x300.jpg"
247,"第247回 アレのアレが始まったんだぜ！スペシャル！","2025-01-14 20:00","2025-01-13","https://www.tsujileaks.com/?p=1925","https://www.tsujileaks.com/media/are_250114_k.mp3","http://www.tsujileaks.com/wp-content/uploads/k-300x225.jpg"
246,"第246回 オレたちは共に歩んできたんだぜ！スペシャル！","2024-12-25 00:00","2024-12-21","https://www.tsujileaks.com/?p=1920","https://www.tsujileaks.com/media/are_241225_notlast.mp3","http://www.tsujileaks.com/wp-content/uploads/xmas2024_sp-300x300.jpg"
245,"第245回 サグラダ・ファミリアは完成したら築何年になんねん！スペシャル！","2024-12-19 22:33","2024-12-15","https://www.tsujileaks.com/?p=1912","https://www.tsujileaks.com/media/are_241219_youbimatigai.mp3","http://www.tsujileaks.com/wp-content/uploads/kissa-300x300.jpg"
244,"第244回 同音異義と昨年比較！スペシャル！","2024-12-09 20:00","2024-12-06","https://www.tsujileaks.com/?p=1903","https://www.tsujileaks.com/media/are_241209_homophone.mp3","http://www.tsujileaks.com/wp-content/uploads/xmas2024-300x300.jpg"
243,"第243回 新旧、時を超えて！スペシャル！","2024-12-03 11:59","2024-11-30","https://www.tsujileaks.com/?p=1898","https://www.tsujileaks.com/media/are_241203_mada12.mp3","http://www.tsujileaks.com/wp-content/uploads/mikan-300x300.jpg"
242,"第242回 諸事情によりメモは割愛だ！スペシャル！","2024-11-26 12:00","2024-11-24","https://www.tsujileaks.com/?p=1893","https://www.tsujileaks.com/media/are_241126_Omitted.mp3","http://www.tsujileaks.com/wp-content/uploads/arebread-300x300.jpg"
241,"第241回 我々は、予測しません！スペシャル！","2024-11-19 07:30","2024-11-17","https://www.tsujileaks.com/?p=1887","https://www.tsujileaks.com/media/are_241119_getup.mp3","http://www.tsujileaks.com/wp-content/uploads/TeaKango-300x300.jpg"
240,"第240回 新コーナーをよろしくお願いします！スペシャル！","2024-11-12 12:00","2024-11-10","https://www.tsujileaks.com/?p=1881","https://www.tsujileaks.com/media/are_241112_vs.mp3","http://www.tsujileaks.com/wp-content/uploads/ramen-300x300.jpg"
239,"第239回 各々のそれぞれのアレコレ！スペシャル！","2024-11-04 20:00","2024-11-02","https://www.tsujileaks.com/?p=1876","https://www.tsujileaks.com/media/are_241104_each.mp3","http://www.tsujileaks.com/wp-content/uploads/okonomi-300x300.jpg"
238,"第238回 足を運んでください！スペシャル！","2024-10-28 20:00","2024-10-26","https://www.tsujileaks.com/?p=1870","https://www.tsujileaks.com/media/are_241028_a-r-3.mp3","http://www.tsujileaks.com/wp-content/uploads/aredake-300x300.jpg"
237,"第237回 んあぁ？！スペシャル！","2024-10-07 20:00","2024-10-06","https://www.tsujileaks.com/?p=1863","https://www.tsujileaks.com/media/are_241007_tamaran.mp3","http://www.tsujileaks.com/wp-content/uploads/peopo-300x300.jpg"
236,"第236回 そんなんあるんやがいっぱい！スペシャル！","2024-09-30 20:00","2024-09-28","https://www.tsujileaks.com/?p=1857","https://www.tsujileaks.com/media/are_240930_8451.mp3","http://www.tsujileaks.com/wp-content/uploads/mush-300x300.jpg"
235,"第235回 めっちゃ早口でええやん！胸熱なろうぜ！スペシャル！","2024-09-23 20:00","2024-09-21","https://www.tsujileaks.com/?p=1850","https://www.tsujileaks.com/media/are_240923_memorydump.mp3","http://www.tsujileaks.com/wp-content/uploads/pudding-300x300.jpg"
234,"第234回 噛み対応！スペシャル！","2024-09-16 20:00","2024-09-14","https://www.tsujileaks.com/?p=1845","https://www.tsujileaks.com/media/are_240916_kamikami.mp3","http://www.tsujileaks.com/wp-content/uploads/3kango-300x300.jpg"
233,"第233回 いつも元気を毎日に！スペシャル！","2024-09-09 20:00","2024-09-07","https://www.tsujileaks.com/?p=1842","https://www.tsujileaks.com/media/are_240909_kokokara.mp3","http://www.tsujileaks.com/wp-content/uploads/farm-300x300.jpg"
232,"第232回 認証認可自画自賛！スペシャル！","2024-08-26 02:13","2024-08-24","https://www.tsujileaks.com/?p=1836","https://www.tsujileaks.com/media/are_240826_shintoku.mp3","http://www.tsujileaks.com/wp-content/uploads/aaaaaaaaaaa-300x300.jpg"
231,"第231回 もう1つのKEVと情報窃取たち ～無限電池編～！スペシャル！","2024-08-12 20:00","2024-08-10","https://www.tsujileaks.com/?p=1829","https://www.tsujileaks.com/media/are_240812_obonkobon.mp3","http://www.tsujileaks.com/wp-content/uploads/arearium-300x300.jpg"
230,"第230回 日本一感じの良いセキュリティエンジニア目指してるんです！スペシャル！","2024-08-05 20:00","2024-08-03","https://www.tsujileaks.com/?p=1822","https://www.tsujileaks.com/media/are_240805_scramble.mp3","http://www.tsujileaks.com/wp-content/uploads/machuri-300x300.jpg"
229,"第229回 ねぎつじの戸締まり！スペシャル！","2024-07-29 20:00","2024-07-27","https://www.tsujileaks.com/?p=1816","https://www.tsujileaks.com/media/are_240729_deux.mp3","http://www.tsujileaks.com/wp-content/uploads/abu-300x300.jpg"
228,"第228回 ゴロゴロゴロゴロ！衝撃バリバリ！スペシャル！","2024-07-22 20:00","2024-07-20","https://www.tsujileaks.com/?p=1808","https://www.tsujileaks.com/media/are_240722_doudougekiteki.mp3","http://www.tsujileaks.com/wp-content/uploads/kisei-300x300.jpg"
227,"第227回 地上波デビューは、また今度！スペシャル！","2024-07-15 20:00","2024-07-13","https://www.tsujileaks.com/?p=1798","https://www.tsujileaks.com/media/are_240716_gotosummer.mp3","http://www.tsujileaks.com/wp-content/uploads/trump-300x300.jpg"
226,"第226回 合格と心も支え始めたポッドキャストだ！スペシャル！","2024-07-08 20:00","2024-07-05","https://www.tsujileaks.com/?p=1789","https://www.tsujileaks.com/media/are_240708_Terrestrial.mp3","http://www.tsujileaks.com/wp-content/uploads/mousyo-300x300.jpg"
225,"第225回 システムだけでなく自分の健康にも気を付けよう！スペシャル！","2024-07-02 20:00","2024-06-30","https://www.tsujileaks.com/?p=1786","https://www.tsujileaks.com/media/are_240702_konkaihagachi.mp3","http://www.tsujileaks.com/wp-content/uploads/poisonkango-300x300.jpg"
224,"第224回 来月公開収録があるんですよ！スペシャル！","2024-06-24 20:00","2024-06-22","https://www.tsujileaks.com/?p=1779","https://www.tsujileaks.com/media/are_24624_mounakanaide.mp3","http://www.tsujileaks.com/wp-content/uploads/sauna-300x300.jpg"
223,"第223回 投資詐欺にサプライチェーンにインフルエンスだ！スペシャル！","2024-06-03 20:00","2024-06-01","https://www.tsujileaks.com/?p=1774","https://www.tsujileaks.com/media/are_240603_black.mp3","http://www.tsujileaks.com/wp-content/uploads/pizza_hiza-300x300.jpg"
222,"第222回 にゃーにゃーにゃー！スペシャル！","2024-05-20 20:00","2024-05-18","https://www.tsujileaks.com/?p=1768","https://www.tsujileaks.com/media/are_240520_neko.mp3","http://www.tsujileaks.com/wp-content/uploads/ohuroice-300x300.jpg"
221,"第221回 脆！スペシャル！","2024-05-13 20:00","2024-05-11","https://www.tsujileaks.com/?p=1765","https://www.tsujileaks.com/media/are_240513_vuln.mp3","http://www.tsujileaks.com/wp-content/uploads/b-300x300.jpg"
220,"第220回 多要素認証の理想郷！Unknown多くて参ったなぁ！スペシャル！","2024-04-29 20:00","2024-04-27","https://www.tsujileaks.com/?p=1757","https://www.tsujileaks.com/media/are_240429_AreIntiRaymi.mp3","http://www.tsujileaks.com/wp-content/uploads/dog-300x300.jpg"
219,"第219回 歯がゆいのよ！その事例は！スペシャル！","2024-04-22 20:00","2024-04-20","https://www.tsujileaks.com/?p=1750","https://www.tsujileaks.com/media/are_20240422_moya2.mp3","http://www.tsujileaks.com/wp-content/uploads/nui-300x300.jpg"
218,"第218回 ペン！パン！アッポー！スペシャル！","2024-04-15 08:00","2024-04-13","https://www.tsujileaks.com/?p=1745","https://www.tsujileaks.com/media/are_240415_PENPANApple.mp3","http://www.tsujileaks.com/wp-content/uploads/suttaba-300x300.jpg"
217,"第217回 毎日がスペシャル！おすすめはプレミアム！スペシャル！","2024-04-08 20:00","2024-04-06","https://www.tsujileaks.com/?p=1739","https://www.tsujileaks.com/media/are_240408_NeedBadget.mp3","http://www.tsujileaks.com/wp-content/uploads/ee2024-300x300.jpg"
216,"第216回 サイバーセキュリティ年間！スペシャル！","2024-03-25 20:00","2024-03-23","https://www.tsujileaks.com/?p=1733","https://www.tsujileaks.com/media/are_240325_ClosedNextWeek.mp3","http://www.tsujileaks.com/wp-content/uploads/benevolence-300x300.jpg"
215,"第215回 いわば！まさに！もはや！むしろ！スペシャル！","2024-03-18 20:00","2024-03-16","https://www.tsujileaks.com/?p=1727","https://www.tsujileaks.com/media/are_240318_iwabamasanimohayamushiro.mp3","http://www.tsujileaks.com/wp-content/uploads/vbs-300x300.jpg"
214,"第214回 「何を今更」と「つもり」ならないクリアランス！スペシャル！","2024-03-11 20:00","2024-03-09","https://www.tsujileaks.com/?p=1717","https://www.tsujileaks.com/media/are_240311_takopaha5gatsu.mp3","http://www.tsujileaks.com/wp-content/uploads/dango-300x300.jpg"
213,"第213回 安全第一！品質第二！生産第三！スペシャル！","2024-03-04 20:00","2024-03-02","https://www.tsujileaks.com/?p=1714","https://www.tsujileaks.com/media/are_240304_123.mp3","http://www.tsujileaks.com/wp-content/uploads/nin2-300x300.jpg"
212,"第212回 ちゃんと寝て、ちゃんと記録を取ろう！スペシャル！","2024-02-19 20:00","2024-02-17","https://www.tsujileaks.com/?p=1707","https://www.tsujileaks.com/media/are_240219_naniyaki.mp3","http://www.tsujileaks.com/wp-content/uploads/hamburger-300x300.jpg"
211,"第211回 なんでか気になることってあるんですわ！スペシャル！","2024-02-12 20:00","2024-02-10","https://www.tsujileaks.com/?p=1700","https://www.tsujileaks.com/media/are_240212_IDKW.mp3","http://www.tsujileaks.com/wp-content/uploads/arearecooking-300x300.jpg"
210,"第210回 まめまめま〜め♪スペシャル！","2024-02-05 20:00","2024-02-03","https://www.tsujileaks.com/?p=1691","https://www.tsujileaks.com/media/are_240205_mame.mp3","http://www.tsujileaks.com/wp-content/uploads/dim_sum-300x300.jpg"
209,"第209回 生々！スペシャル！","2024-01-29 20:00","2024-01-27","https://www.tsujileaks.com/?p=1686","https://www.tsujileaks.com/media/are_240129_MetALotOf.mp3","http://www.tsujileaks.com/wp-content/uploads/1666243231813-300x300.jpg"
208,"第208回 時間による解決と抗い！スペシャル！","2024-01-22 20:00","2024-01-20","https://www.tsujileaks.com/?p=1680","https://www.tsujileaks.com/media/are_240122_namechange.mp3","http://www.tsujileaks.com/wp-content/uploads/drink-300x300.jpg"
207,"第207回 振り返りつつも前に向くのか？スペシャル！","2024-01-16 20:00","2024-01-14","https://www.tsujileaks.com/?p=1672","https://www.tsujileaks.com/media/are_240115_sagasu.mp3","http://www.tsujileaks.com/wp-content/uploads/2024-300x300.jpg"
206,"第206回 トリプル長爆誕！スペシャル！","2023-12-25 20:00","2023-12-23","https://www.tsujileaks.com/?p=1665","https://www.tsujileaks.com/media/are_231225_iruuesan.mp3","http://www.tsujileaks.com/wp-content/uploads/sac-300x300.jpg"
205,"第205回 我々もまぁまぁスジナシだ！スペシャル！","2023-12-18 20:00","2023-12-16","https://www.tsujileaks.com/?p=1659","https://www.tsujileaks.com/media/are_231218_RealASM.mp3","http://www.tsujileaks.com/wp-content/uploads/xmas2023-300x300.jpg"
204,"第204回 ギリギリの紹介ラインがあるんだぜ！スペシャル！","2023-12-12 20:00","2023-12-11","https://www.tsujileaks.com/?p=1655","https://www.tsujileaks.com/media/are_231212_thx.mp3","http://www.tsujileaks.com/wp-content/uploads/tsu-300x300.jpg"
203,"第203回 呼ばれてへんねん！スペシャル！","2023-12-04 20:00","2023-12-02","https://www.tsujileaks.com/?p=1649","https://www.tsujileaks.com/media/are_231204_SECBECCOO.mp3","http://www.tsujileaks.com/wp-content/uploads/kurokin-300x300.jpg"
202,"第202回 アイキャッチの案を大募集だ！スペシャル！","2023-11-27 20:00","2023-11-25","https://www.tsujileaks.com/?p=1643","https://www.tsujileaks.com/media/are_231127_17B1B.mp3","http://www.tsujileaks.com/wp-content/uploads/boukango-300x300.jpg"
201,"第201回 このポッドキャストは58分37秒で聴けます！スペシャル！","2023-11-20 20:00","2023-11-18","https://www.tsujileaks.com/?p=1639","https://www.tsujileaks.com/media/are_231120_gonna.mp3","http://www.tsujileaks.com/wp-content/uploads/sukisukisukisukisukiyaki-300x300.jpg"
200,"第200回 これは通過点なんだ！スペシャル！","2023-11-14 20:00","2023-11-12","https://www.tsujileaks.com/?p=1635","https://www.tsujileaks.com/media/are_231114_200.mp3","http://www.tsujileaks.com/wp-content/uploads/200-300x300.jpg"
199,"第199回 あと1回！スペシャル！","2023-11-07 08:00","2023-11-05","https://www.tsujileaks.com/?p=1626","https://www.tsujileaks.com/media/are_231107_4238.mp3","http://www.tsujileaks.com/wp-content/uploads/mushroom-300x300.jpg"
198,"第198回 なんだかんだ泥臭く行くのだ！スペシャル！","2023-10-23 20:00","2023-10-21","https://www.tsujileaks.com/?p=1622","https://www.tsujileaks.com/media/are_231023_mrchildren.mp3","http://www.tsujileaks.com/wp-content/uploads/pf-300x300.jpg"
197,"第197回 夏は終わった！コンビニに明日はない！スペシャル！","2023-10-10 20:00","2023-10-08","https://www.tsujileaks.com/?p=1616","https://www.tsujileaks.com/media/are_231010_nanigaiitaikatteiuto.mp3","http://www.tsujileaks.com/wp-content/uploads/appetite-300x300.jpg"
196,"第196回 あと4回で200回を迎えるぜ！スペシャル！","2023-10-02 20:00","2023-09-30","https://www.tsujileaks.com/?p=1610","https://www.tsujileaks.com/media/are_231002_whyEUR.mp3","http://www.tsujileaks.com/wp-content/uploads/yakioimo-300x300.jpg"
195,"第195回 KEVとOTPとMFA！スペシャル！","2023-09-25 20:00","2023-09-23","https://www.tsujileaks.com/?p=1606","https://www.tsujileaks.com/media/are_230926_nowareare.mp3","http://www.tsujileaks.com/wp-content/uploads/1010-300x300.jpg"
194,"第194回 アレですよ！アレ！スペシャル！","2023-09-18 20:00","2023-09-15","https://www.tsujileaks.com/?p=1600","https://www.tsujileaks.com//media/are_230918_areandare.mp3","http://www.tsujileaks.com/wp-content/uploads/arechamp-300x300.jpg"
193,"第193回 そろそろ秋を意識していきたい！スペシャル！","2023-09-11 20:00","2023-09-09","https://www.tsujileaks.com/?p=1595","https://www.tsujileaks.com/media/are_230911_change.mp3","http://www.tsujileaks.com/wp-content/uploads/tsukimishitemitai-300x300.jpg"
192,"第192回 合わせ技一本！突撃となりのアノニマスに管理画面を添えて！スペシャル！","2023-09-04 20:00","2023-09-02","https://www.tsujileaks.com/?p=1591","https://www.tsujileaks.com/media/are_230904_Aug_35.mp3","http://www.tsujileaks.com/wp-content/uploads/arohamaker-300x300.jpg"
191,"第191回 偽らない偽りもあるんだぜ！スペシャル！","2023-08-21 20:00","2023-08-20","https://www.tsujileaks.com/?p=1587","https://www.tsujileaks.com/media/are_230821_itsuari.mp3","http://www.tsujileaks.com/wp-content/uploads/bughuntjpg-300x300.jpg"
190,"第190回 どこがどう狙われとんねん！？スペシャル！","2023-08-14 20:00","2023-08-11","https://www.tsujileaks.com/?p=1582","https://www.tsujileaks.com/media/are_230814_3yearsStrange.mp3","http://www.tsujileaks.com/wp-content/uploads/piyogouri-300x300.jpg"
189,"第189回 いきなり急にふと何気なく突然に！スペシャル！","2023-08-07 20:17","2023-08-05","https://www.tsujileaks.com/?p=1576","https://www.tsujileaks.com/media/are_230807_dadada.mp3","http://www.tsujileaks.com/wp-content/uploads/tsujisukui-300x300.jpg"
188,"第188回 亜種と亜種と亜種！スペシャル！","2023-07-31 20:00","2023-07-29","https://www.tsujileaks.com/?p=1569","https://www.tsujileaks.com/media/are_230731_yasuyou.mp3","http://www.tsujileaks.com/wp-content/uploads/sumomomomomomomomomomomo-300x300.jpg"
187,"第187回 ！スペシャル！","2023-07-24 20:00","2023-07-22","https://www.tsujileaks.com/?p=1565","https://www.tsujileaks.com/media/are_230724_1000yen.mp3","http://www.tsujileaks.com/wp-content/uploads/balloon-300x300.jpg"
186,"第186回 雲と数字を掴みつつのお金の流れに学ぶ！スペシャル！","2023-07-17 20:00","2023-07-15","https://www.tsujileaks.com/?p=1556","https://www.tsujileaks.com/media/are_230717_kowaihanashi.mp3","http://www.tsujileaks.com/wp-content/uploads/summervacation-300x300.jpg"
185,"第185回 タイトル付け忘れることもあるんだぜ！スペシャル！","2023-07-10 20:00","2023-07-08","https://www.tsujileaks.com/?p=1550","https://www.tsujileaks.com/media/are_230710_nevernote.mp3","http://www.tsujileaks.com/wp-content/uploads/gotosummer-300x300.jpg"
184,"第184回 これでやっとスタートラインなんだの精神で！スペシャル！","2023-07-03 20:00","2023-07-01","https://www.tsujileaks.com/?p=1543","https://www.tsujileaks.com/media/are_230703_openingsong.mp3","http://www.tsujileaks.com/wp-content/uploads/c-300x300.jpg"
183,"第183回 いつも聴いてくれてアレがとうざいまスペシャル！","2023-06-26 20:00","2023-06-24","https://www.tsujileaks.com/?p=1535","https://www.tsujileaks.com/media/are_230626_mosquito.mp3","http://www.tsujileaks.com/wp-content/uploads/tuyu2-300x300.jpg"
182,"第182回 愛のままにわがままにアレはアレだけをアレしない！スペシャル","2023-06-12 20:00","2023-06-12","https://www.tsujileaks.com/?p=1530","https://www.tsujileaks.com/media/are_230611_yubikiri.mp3","http://www.tsujileaks.com/wp-content/uploads/tsuyu-300x300.jpg"
181,"第181回 露出！露出！ででんでんででん！スペシャル","2023-06-05 20:00","2023-06-03","https://www.tsujileaks.com/?p=1514","https://www.tsujileaks.com/media/are_230605_kpMAX.mp3","http://www.tsujileaks.com/wp-content/uploads/sweets-300x300.jpg"
180,"第180回 想起させるのが2つと変化の兆しが1つ！スペシャル","2023-05-29 20:00","2023-05-27","https://www.tsujileaks.com/?p=1505","https://www.tsujileaks.com/media/are_230529_playback2.mp3","http://www.tsujileaks.com/wp-content/uploads/ufo-300x300.jpg"
179,"第179回 続きはどこかのセミナーで！スペシャル","2023-05-15 20:00","2023-05-13","https://www.tsujileaks.com/?p=1495","https://www.tsujileaks.com/media/are_230515_nothing.mp3","http://www.tsujileaks.com/wp-content/uploads/aiw-300x300.jpg"
178,"第178回 痛快なりゆきポッドキャスト！スペシャル","2023-05-08 20:00","2023-05-07","https://www.tsujileaks.com/?p=1492","https://www.tsujileaks.com/media/are_230509_tsuukainariyuki.mp3","http://www.tsujileaks.com/wp-content/uploads/BBQ-300x300.jpg"
177,"第177回 バラバラ名称！色々チェーン！スペシャル","2023-04-24 20:02","2023-04-22","https://www.tsujileaks.com/?p=1486","https://www.tsujileaks.com/media/are_230423_WanderleiSilva.mp3","http://www.tsujileaks.com/wp-content/uploads/nyancat-300x300.jpg"
176,"第176回 黒猫 in NY！偽エラーと不正利用の顛末は？スペシャル","2023-04-17 20:00","2023-04-16","https://www.tsujileaks.com/?p=1481","https://www.tsujileaks.com/media/are_230417_DQ1-3.mp3","http://www.tsujileaks.com/wp-content/uploads/bokutachinomunara-300x300.jpg"
175,"第175回 そんなマジメで大丈夫か？スペシャル","2023-04-10 20:00","2023-04-08","https://www.tsujileaks.com/?p=1474","https://www.tsujileaks.com/media/are_230409_internetyamemasuka.mp3","http://www.tsujileaks.com/wp-content/uploads/fuwa-300x300.jpg"
174,"第174回 過去イチ盛り上がったっぽいが理由は分からん！スペシャル","2023-04-03 20:00","2023-04-01","https://www.tsujileaks.com/?p=1471","https://www.tsujileaks.com/media/are_230403_yamiup.mp3","http://www.tsujileaks.com/wp-content/uploads/syunmin.jpg"
173,"第173回 春ですね！足上げたら爆発するで！スペシャル","2023-03-27 20:00","2023-03-25","https://www.tsujileaks.com/?p=1461","https://www.tsujileaks.com/media/are_230327_stoukaku.mp3","http://www.tsujileaks.com/wp-content/uploads/sakurasakura-300x300.jpg"
172,"第172回 今日は2人なのか？抜け漏れブレずに分かり易く！スペシャル","2023-03-20 20:00","2023-03-18","https://www.tsujileaks.com/?p=1453","https://www.tsujileaks.com/media/are_230320_iutetawa.mp3","http://www.tsujileaks.com/wp-content/uploads/hanadan-300x300.jpg"
171,"第171回 でかエモとカバー範囲のアレタイムズ！スペシャル","2023-03-14 20:00","2023-03-12","https://www.tsujileaks.com/?p=1448","https://www.tsujileaks.com/media/are_2303114_bakibaki.mp3","http://www.tsujileaks.com/wp-content/uploads/wbc-300x300.jpg"
170,"第170回 このアレがブロックされてました！スペシャル","2023-03-06 20:00","2023-03-04","https://www.tsujileaks.com/?p=1443","https://www.tsujileaks.com/media/are_230306_securitynoara.mp3","http://www.tsujileaks.com/wp-content/uploads/S__342482972-300x300.jpg"
169,"第169回 責任の所在の悩ましあらまし！スペシャル","2023-02-20 20:00","2023-02-18","https://www.tsujileaks.com/?p=1437","https://www.tsujileaks.com/media/are_230219_nankai.mp3","http://www.tsujileaks.com/wp-content/uploads/ume-300x300.jpg"
168,"第168回 ロマンスカルテ集計！愛に気付いてください！スペシャル","2023-02-14 20:00","2023-02-12","https://www.tsujileaks.com/?p=1427","https://www.tsujileaks.com/media/are_230213_OnTheOtherHand.mp3","http://www.tsujileaks.com/wp-content/uploads/vd2023-300x300.jpg"
167,"第167回 LINEスタンプ3回のリジェクト乗り越え販売開始だ！スペシャル","2023-02-07 20:00","2023-02-05","https://www.tsujileaks.com/?p=1420","https://www.tsujileaks.com/media/are_230207_LINEstampNowOnSale.mp3","http://www.tsujileaks.com/wp-content/uploads/snow-1-300x300.jpg"
166,"第166回 寝起きと小ネタと変更ログと！スペシャル","2023-01-30 20:00","2023-01-28","https://www.tsujileaks.com/?p=1410","https://www.tsujileaks.com/media/are_230130_mikan.mp3","http://www.tsujileaks.com/wp-content/uploads/S__340500485-300x300.jpg"
165,"第165回 忘れた頃にホラホラホラ！スペシャル","2023-01-23 20:00","2023-01-21","https://www.tsujileaks.com/?p=1404","https://www.tsujileaks.com/media/are_230123_gakko.mp3","http://www.tsujileaks.com/wp-content/uploads/hot-300x300.jpg"
164,"第164回 空前絶後の色々集計三昧！スペシャル","2023-01-16 20:00","2023-01-14","https://www.tsujileaks.com/?p=1400","https://www.tsujileaks.com/media/are_230116_henna.mp3","http://www.tsujileaks.com/wp-content/uploads/takokango-300x300.jpg"
163,"第163回 令和5年！今年がはじまってます！スペシャル","2023-01-09 20:00","2023-01-07","https://www.tsujileaks.com/?p=1389","https://www.tsujileaks.com/media/are_230109_yoh.mp3","http://www.tsujileaks.com/wp-content/uploads/aremashite-300x300.jpg"
162,"第162回 室長はネク長でネク長は室長なのだ！スペシャル","2022-12-26 20:00","2022-12-24","https://www.tsujileaks.com/?p=1381","https://www.tsujileaks.com/media/are_221226_tawara.mp3","http://www.tsujileaks.com/wp-content/uploads/Co-Nexus_D-300x300.jpg"
161,"第161回 通常回は年内最後だ！スペシャル","2022-12-20 20:00","2022-12-18","https://www.tsujileaks.com/?p=1374","https://www.tsujileaks.com/media/are_221220_areandare.mp3","http://www.tsujileaks.com/wp-content/uploads/xmas-300x300.jpg"
160,"第160回 ずっと喋るよ！スペシャル","2022-12-12 20:00","2022-12-10","https://www.tsujileaks.com/?p=1368","https://www.tsujileaks.com/media/are_221212_tadaima.mp3","http://www.tsujileaks.com/wp-content/uploads/arebucks-300x300.jpg"
159,"第159回 脆弱性マラソン！最後にしたいが、もうちっとだけ続くんじゃ！スペシャル","2022-12-05 20:00","2022-12-03","https://www.tsujileaks.com/?p=1364","https://www.tsujileaks.com/media/are_221205_akusasa.mp3","http://www.tsujileaks.com/wp-content/uploads/1669800645275-300x300.jpg"
158,"第158回 備えよ常に！OEMでSDK問題にブルルンパンダ！スペシャル","2022-11-28 20:00","2022-11-26","https://www.tsujileaks.com/?p=1358","https://www.tsujileaks.com/media/are_221127_esetogiji.mp3","http://www.tsujileaks.com/wp-content/uploads/aremanju-300x300.jpg"
157,"第157回 アレ焼き配る会をする日を夢見て！スペシャル","2022-11-22 20:00","2022-11-20","https://www.tsujileaks.com/?p=1352","https://www.tsujileaks.com/media/are_221122_hanbou.mp3","http://www.tsujileaks.com/wp-content/uploads/maron-300x300.jpg"
156,"第156回 好きなものから食べよう！スペシャル","2022-11-08 12:30","2022-11-06","https://www.tsujileaks.com/?p=1347","https://www.tsujileaks.com/media/are_221107_nBefore.mp3","http://www.tsujileaks.com/wp-content/uploads/temotojouhouwariai-300x202.png"
155,"第155回 ダブルソムリエと情報耐性！スペシャル","2022-10-31 20:00","2022-10-29","https://www.tsujileaks.com/?p=1342","https://www.tsujileaks.com/media/are_221031_compower.mp3","http://www.tsujileaks.com/wp-content/uploads/1663954310268-300x300.jpg"
154,"第154回 リクエストにお応えと小ネタ3つと青い出血！スペシャル","2022-10-25 20:00","2022-10-23","https://www.tsujileaks.com/?p=1337","https://www.tsujileaks.com/media/are_221025_recipe.mp3","http://www.tsujileaks.com/wp-content/uploads/art_are-300x300.jpg"
153,"第153回 帰ってきたから帰ってきたぜ！スペシャル","2022-10-17 20:00","2022-10-15","https://www.tsujileaks.com/?p=1330","https://www.tsujileaks.com/media/are_221017_36.938189896535064_138.81274701707304.mp3","http://www.tsujileaks.com/wp-content/uploads/onsen-300x300.jpg"
152,"第152回 ソムリエの嗜みと文書管理の重要性！市場？史上？初！！スペシャル","2022-10-03 20:00","2022-10-01","https://www.tsujileaks.com/?p=1325","https://www.tsujileaks.com/media/are_221003_ikinari.mp3","http://www.tsujileaks.com/wp-content/uploads/imohori-300x300.jpg"
151,"第151回 リスト型の影！国家背景のバイトと通知うざうざ詐欺！スペシャル","2022-09-26 20:00","2022-09-24","https://www.tsujileaks.com/?p=1321","https://www.tsujileaks.com/media/are_220926_tanpakuwanpaku.mp3","http://www.tsujileaks.com/wp-content/uploads/barare-300x300.png"
150,"第150回 アレかぶり！皆さんの作業BGMはなんですか？スペシャル","2022-09-19 20:00","2022-09-17","https://www.tsujileaks.com/?p=1314","https://www.tsujileaks.com/media/are_220919_arekaburi.mp3","http://www.tsujileaks.com/wp-content/uploads/v-300x210.png"
149,"第149回 今回も真面目です！スペシャル","2022-09-12 20:00","2022-09-10","https://www.tsujileaks.com/?p=1308","https://www.tsujileaks.com/media/are_20220912_juicy.mp3","http://www.tsujileaks.com/wp-content/uploads/pt-300x230.png"
148,"第148回 共存・共栄・共有！スペシャル","2022-09-06 20:00","2022-09-04","https://www.tsujileaks.com/?p=1303","https://www.tsujileaks.com/media/are_220906_meijin.mp3","http://www.tsujileaks.com/wp-content/uploads/shared-folder.png"
147,"第147回 ゲームもやろう！過去比較もしよう！期待しよう！スペシャル","2022-08-29 20:00","2022-08-27","https://www.tsujileaks.com/?p=1296","https://www.tsujileaks.com/media/are_220829_3.mp3","http://www.tsujileaks.com/wp-content/uploads/sohiyaudon-227x300.png"
146,"第146回 お盆明け！いかがお過ごしでしたか？スペシャル","2022-08-22 20:00","2022-08-20","https://www.tsujileaks.com/?p=1287","https://www.tsujileaks.com/media/are_220822_signalnowa.mp3","http://www.tsujileaks.com/wp-content/uploads/famikara01-300x170.jpg"
145,"第145回 今日からこのポッドキャストは、TLP:CLEARだ！スペシャル","2022-08-08 20:00","2022-08-06","https://www.tsujileaks.com/?p=1276","https://www.tsujileaks.com/media/are_220808_1stTime.mp3","http://www.tsujileaks.com/wp-content/uploads/TLPC.png"
144,"第144回 条例改正とマクロ遮断と全部乗せ漏洩の影響！スペシャル","2022-08-01 20:00","2022-07-30","https://www.tsujileaks.com/?p=1271","https://www.tsujileaks.com/media/are_220801_higayakko.mp3","http://www.tsujileaks.com/wp-content/uploads/hamon-300x200.jpg"
143,"第143回 勝手に中継点！新たなバラマキと止まったランサム！スペシャル","2022-07-25 20:00","2022-07-23","https://www.tsujileaks.com/?p=1265","https://www.tsujileaks.com/media/are_220725_tanktop.mp3","http://www.tsujileaks.com/wp-content/uploads/tanktop-300x247.png"
142,"第142回 釣りと着火点！スペシャル","2022-07-19 20:00","2022-07-17","https://www.tsujileaks.com/?p=1261","https://www.tsujileaks.com/media/are_220719_macmount.mp3","http://www.tsujileaks.com/wp-content/uploads/mm-300x296.png"
141,"第141回 壊れるほどMac Mini使ってしもてた！スペシャル","2022-07-11 20:00","2022-07-09","https://www.tsujileaks.com/?p=1254","https://www.tsujileaks.com/media/are_220711_2genius.mp3","http://www.tsujileaks.com/wp-content/uploads/MminiB-300x300.png"
140,"第140回 壊れるほど注意喚起しても1/3も伝わらないという気持ちで！スペシャル","2022-07-04 20:00","2022-07-02","https://www.tsujileaks.com/?p=1248","https://www.tsujileaks.com/media/are_220704_HonBuchoDairi.mp3","http://www.tsujileaks.com/wp-content/uploads/goodguy-300x180.jpg"
139,"第139回 スピード梅雨明け！視点論点！スペシャル","2022-06-28 20:00","2022-06-26","https://www.tsujileaks.com/?p=1243","https://www.tsujileaks.com/media/are_220628_nndknd.mp3","http://www.tsujileaks.com/wp-content/uploads/chagashi-300x231.png"
138,"第138回 あるある募集と謎草プロジェクト始動！スペシャル","2022-06-20 20:00","2022-06-18","https://www.tsujileaks.com/?p=1237","https://www.tsujileaks.com/media/are_220620_hamoge.mp3","http://www.tsujileaks.com/wp-content/uploads/nazokusa-225x300.jpg"
137,"第137回 KEV大好き！からのパスワードネタ三連発！スペシャル","2022-06-13 20:00","2022-06-11","https://www.tsujileaks.com/?p=1232","https://www.tsujileaks.com/media/are_220613_konayatabetai.mp3","http://www.tsujileaks.com/wp-content/uploads/ebiten-300x200.jpg"
136,"第136回 in 太陽と埃！スペシャル","2022-06-06 20:00","2022-06-04","https://www.tsujileaks.com/?p=1226","https://www.tsujileaks.com/media/are_220606_ilovetranslation.mp3","http://www.tsujileaks.com/wp-content/uploads/tro-298x300.png"
135,"第135回 ただいま！16+3時間寝てしまったぜ！スペシャル","2022-05-31 08:00","2022-05-29","https://www.tsujileaks.com/?p=1221","https://www.tsujileaks.com/media/are_220531_result20.mp3","http://www.tsujileaks.com/wp-content/uploads/log-300x270.png"
134,"第134回 脅威 Inside！驚異 beside！スペシャル","2022-05-23 20:00","2022-05-21","https://www.tsujileaks.com/?p=1216","https://www.tsujileaks.com/media/are_220523_insidebeside.mp3","http://www.tsujileaks.com/wp-content/uploads/dryer-300x237.png"
133,"第133回 充ちるレポート！アップデートされる小ネタ！交渉の実態！スペシャル","2022-05-16 20:00","2022-05-14","https://www.tsujileaks.com/?p=1211","https://www.tsujileaks.com/media/are_20220516_CMYB.mp3","http://www.tsujileaks.com/wp-content/uploads/8318ac74d5e68a810cfed71bd58a4389-244x300.png"
132,"第132回 さっきまで五月病！スペシャル","2022-05-09 20:00","2022-05-07","https://www.tsujileaks.com/?p=1205","https://www.tsujileaks.com/media/are_220509_NPOWER.mp3","http://www.tsujileaks.com/wp-content/uploads/bluebird.jpg"
131,"第131回 続けることよりも止めないことの大切さ！スペシャル","2022-04-25 20:00","2022-04-23","https://www.tsujileaks.com/?p=1201","https://www.tsujileaks.com/media/are_220425_curryRamen.mp3","http://www.tsujileaks.com/wp-content/uploads/caroline-attwood-QLjeFvxpdxc-unsplash-300x169.jpg"
130,"第130回 モヤモヤするからこそ続けたい旅がある！スペシャル","2022-04-18 20:00","2022-04-16","https://www.tsujileaks.com/?p=1196","https://www.tsujileaks.com/media/are_220418_sampojapan1yearAniv.mp3","http://www.tsujileaks.com/wp-content/uploads/t.png"
129,"第129回 驚異の脅威！風とリークとテイクダウン！スペシャル","2022-04-11 20:00","2022-04-09","https://www.tsujileaks.com/?p=1189","https://www.tsujileaks.com/media/are_220411_pang4yau5.mp3","http://www.tsujileaks.com/wp-content/uploads/plus6-300x207.png"
128,"第128回 そういえば新年度はじまってます！スペシャル","2022-04-04 20:00","2022-04-02","https://www.tsujileaks.com/?p=1183","https://tsujileaks.com/media/are_220404_greoka.mp3","http://www.tsujileaks.com/wp-content/uploads/wjs-300x188.png"
127,"第127回 色々で様々な手口にBECらこいた！スペシャル","2022-03-28 20:00","2022-03-26","https://www.tsujileaks.com/?p=1178","https://www.tsujileaks.com/media/are_220328_shikujiri.mp3","http://www.tsujileaks.com/wp-content/uploads/in-296x300.png"
126,"第126回 ツールとレポートとサボタージュ！スペシャル","2022-03-21 20:00","2022-03-19","https://www.tsujileaks.com/?p=1169","https://www.tsujileaks.com/media/are_220321_souhou.mp3","http://www.tsujileaks.com/wp-content/uploads/p-300x169.jpg"
125,"第125回 今回までは、ゆくアレ！スペシャル","2022-03-15 01:47","2022-03-13","https://www.tsujileaks.com/?p=1161","https://www.tsujileaks.com/media/are_220315_areikuyokuruyo.mp3","http://www.tsujileaks.com/wp-content/uploads/WeareARE-300x150.png"
124,"第124回 おめでとうをありがとう。スペシャル","2022-03-07 20:00","2022-03-05","https://www.tsujileaks.com/?p=1156","https://www.tsujileaks.com/media/are_220307_aresama.mp3","http://www.tsujileaks.com/wp-content/uploads/circle_Are-300x300.png"
123,"第123回 無意識無想にねじ曲げディスコ！スペシャル","2022-02-21 20:00","2022-02-19","https://www.tsujileaks.com/?p=1148","https://www.tsujileaks.com/media/are_220221_iiwasure.mp3","http://www.tsujileaks.com/wp-content/uploads/td-300x206.png"
122,"第122回 CVSSと認証関係にシャラララ！スペシャル","2022-02-14 20:00","2022-02-12","https://www.tsujileaks.com/?p=1137","https://www.tsujileaks.com/media/are_220214_utahime.mp3","http://www.tsujileaks.com/wp-content/uploads/2-300x264.png"
121,"第121回 今回、あなたにとっての珍味はありましたか？スペシャル","2022-02-07 20:00","2022-02-05","https://www.tsujileaks.com/?p=1125","https://www.tsujileaks.com/media/are_220207_weareare.mp3","http://www.tsujileaks.com/wp-content/uploads/tekken-218x300.png"
120,"第120回 DDoSにちょっぴりランサム！国会もあるよ！スペシャル","2022-01-31 20:00","2022-01-29","https://www.tsujileaks.com/?p=1120","https://www.tsujileaks.com/media/are_220131_WC.mp3","http://www.tsujileaks.com/wp-content/uploads/wc-300x287.png"
119,"第119回 話すネタに関係なく大体いつも同じ時間になってるな！スペシャル！","2022-01-24 20:00","2022-01-22","https://www.tsujileaks.com/?p=1115","https://www.tsujileaks.com/media/are_220124_carmen.mp3","http://www.tsujileaks.com/wp-content/uploads/fakec-294x300.png"
118,"第118回 見てるぞMix！でやでやでーや！スペシャル！","2022-01-18 20:00","2022-01-16","https://www.tsujileaks.com/?p=1111","https://www.tsujileaks.com/media/are_220118_dreamMask.mp3","http://www.tsujileaks.com/wp-content/uploads/dj-300x187.png"
117,"第117回 二度目の新年だ！スペシャル！","2022-01-11 20:00","2022-01-08","https://www.tsujileaks.com/?p=1105","https://www.tsujileaks.com/media/are_220111_AI.mp3","http://www.tsujileaks.com/wp-content/uploads/tipan-300x218.png"
116,"第116回 室長！不死長！？ネクサス長！スペシャル！","2021-12-27 20:00","2021-12-25","https://www.tsujileaks.com/?p=1099","https://www.tsujileaks.com/media/are_211227_nexus.mp3","http://www.tsujileaks.com/wp-content/uploads/tawara-300x225.jpg"
115,"第115回 大きな動きの影で！スペシャル！","2021-12-20 20:00","2021-12-18","https://www.tsujileaks.com/?p=1094","https://www.tsujileaks.com/media/are_211220_hahaha.mp3","http://www.tsujileaks.com/wp-content/uploads/shadow_hide-185x300.jpg"
114,"第114回 繋ぐ鎖、断つ鎖！DDoSソムリエとpiyolog4j！スペシャル！","2021-12-13 20:08","2021-12-11","https://www.tsujileaks.com/?p=1084","https://www.tsujileaks.com/media/are_211213_are4j.mp3","http://www.tsujileaks.com/wp-content/uploads/705062-300x300.png"
113,"第113回 本編より特典のほうが本編に思える感覚ってあるよな！スペシャル！","2021-12-06 20:00","2021-12-04","https://www.tsujileaks.com/?p=1077","https://www.tsujileaks.com/media/are_211206_CIO.mp3","http://www.tsujileaks.com/wp-content/uploads/salt-300x300.png"
112,"第112回 収録中にコーヒーを零してしまっているのは誰だ！？スペシャル！","2021-11-30 20:00","2021-11-28","https://www.tsujileaks.com/?p=1073","https://www.tsujileaks.com/media/are_211130_coffee.mp3","http://www.tsujileaks.com/wp-content/uploads/2935413-300x300.png"
111,"第111回 持ちつ持たれつ業務拡大の未承諾な奴ら！スペシャル！","2021-11-23 20:00","2021-11-21","https://www.tsujileaks.com/?p=1069","https://www.tsujileaks.com/media/are_211123_dozan11.mp3","http://www.tsujileaks.com/wp-content/uploads/to-300x225.png"
110,"第110回 おはようからおやすみまで見つめひろげる！スペシャル！","2021-11-15 20:00","2021-11-13","https://www.tsujileaks.com/?p=1064","https://www.tsujileaks.com/media/are_211115_noransom.mp3","http://www.tsujileaks.com/wp-content/uploads/110-300x300.png"
109,"第109回 ドイツの通貨は！？スペシャル！","2021-11-08 20:00","2021-11-06","https://www.tsujileaks.com/?p=1058","https://www.tsujileaks.com/media/are_211108_de.mp3","http://www.tsujileaks.com/wp-content/uploads/21753a19806537335c05896eef8c84f5-1024x768-1-300x225.jpg"
108,"第108回 なんと！ぼんのう！ごかっけい！スペシャル！","2021-11-01 20:00","2021-10-30","https://www.tsujileaks.com/?p=1050","https://www.tsujileaks.com/media/are_211030_oldnormal.mp3","http://www.tsujileaks.com/wp-content/uploads/normal-300x300.png"
107,"第107回 編集長復帰特番！コードブルーに出たよ！セキュリティのアレのアレ！スペシャル！","2021-10-25 20:00","2021-10-23","https://www.tsujileaks.com/?p=1043","https://www.tsujileaks.com/media/are_211025_coxdbxxx.mp3","http://www.tsujileaks.com/wp-content/uploads/cold-brew-300x300.png"
106,"第106回 令和の時代のセキュリティを考えたかもしれない秋の夜長！スペシャル！","2021-10-11 19:56","2021-10-09","https://www.tsujileaks.com/?p=1035","https://www.tsujileaks.com/media/are_211011_nyansom.mp3","http://www.tsujileaks.com/wp-content/uploads/nyantalk-300x235.png"
105,"第105回 偽サイトに偽情報に偽攻撃者！スペシャル！","2021-10-04 20:00","2021-10-02","https://www.tsujileaks.com/?p=1029","https://www.tsujileaks.com/media/are_211004_ikatai.mp3","http://www.tsujileaks.com/wp-content/uploads/fakeman.png"
104,"第104回 ʕ•̫͡•ʕ•̫͡•ʔ•̫͡•ʔ•̫͡•ʕ•̫͡•ʔ•̫͡•ʕ•̫͡•ʕ•̫͡•ʔ•̫͡•ʔ•̫͡•ʕ•̫͡•ʔ•̫͡•ʔ！スペシャル！","2021-09-27 20:00","2021-09-25","https://www.tsujileaks.com/?p=1026","https://www.tsujileaks.com/media/are_210927_nidoarukotoha.mp3","http://www.tsujileaks.com/wp-content/uploads/CHupdateicon-300x66.png"
103,"第103回 緩くブレずにオーマイワッフル！スペシャル！","2021-09-20 20:00","2021-09-18","https://www.tsujileaks.com/?p=1021","https://www.tsujileaks.com/media/are_210920_aruware.mp3","http://www.tsujileaks.com/wp-content/uploads/yurui-300x80.jpg"
102,"第102回 最後のコインに祈りを込めてヤンバラヤンヤンヤン！スペシャル！","2021-09-13 20:00","2021-09-11","https://www.tsujileaks.com/?p=1017","https://www.tsujileaks.com/media/are_210913_namidanoRPS.mp3","http://www.tsujileaks.com/wp-content/uploads/gyo-300x222.jpg"
101,"第101回 パンっ！茶っ！宿直っ！スペシャル！","2021-09-06 20:00","2021-09-04","https://www.tsujileaks.com/?p=1010","https://www.tsujileaks.com/media/are_210906_sadaharu.mp3","http://www.tsujileaks.com/wp-content/uploads/0g.png"
100,"第100回 目指せ！200回！We Can Do！スペシャル！","2021-08-30 22:43","2021-08-28","https://www.tsujileaks.com/?p=1003","https://www.tsujileaks.com/media/are_210830_100.mp3","http://www.tsujileaks.com/wp-content/uploads/usb-300x300.png"
99,"第99回 アノ超会議からきっかり9年！スペシャル！","2021-08-23 19:30","2021-08-21","https://www.tsujileaks.com/?p=999","https://www.tsujileaks.com/media/are_210823_guruguru.mp3","http://www.tsujileaks.com/wp-content/uploads/madori-300x167.jpg"
98,"第98回 abcd2.0！OEMにMPD！スペシャル！","2021-08-16 22:23","2021-08-15","https://www.tsujileaks.com/?p=993","https://www.tsujileaks.com/media/are_210817_fightMPD.mp3","http://www.tsujileaks.com/wp-content/uploads/choju56_0020-300x200.png"
97,"第97回 初Common – 🐤透明性 – 公開鍵認証妨害！スペシャル！","2021-08-02 20:00","2021-07-31","https://www.tsujileaks.com/?p=981","https://www.tsujileaks.com/media/are_210802_CWECVECVSSCVV.mp3","http://www.tsujileaks.com/wp-content/uploads/toumei-300x169.jpg"
96,"第96回 広がる話と広がらない話！悪夢が至急でガチ脅迫！スペシャル！","2021-07-26 20:00","2021-07-24","https://www.tsujileaks.com/?p=975","https://www.tsujileaks.com/media/are_210726_higan_island.mp3","http://www.tsujileaks.com/wp-content/uploads/publicdomainq-0012499qew-300x212.jpg"
95,"第95回 [PR]悪魔のテヘペロ攻撃！スペシャル！","2021-07-19 20:01","2021-07-17","https://www.tsujileaks.com/?p=972","https://www.tsujileaks.com/media/are_210719_nokoriGo.mp3","http://www.tsujileaks.com/wp-content/uploads/tb-300x98.jpg"
94,"第94回 まさかのネタ被り！互いのネタがいつもと逆！スペシャル！","2021-07-12 20:00","2021-07-10","https://www.tsujileaks.com/?p=962","https://www.tsujileaks.com/media/are_210712_arenakorenasorena.mp3","http://www.tsujileaks.com/wp-content/uploads/photo0000-5775-300x200.jpg"
93,"第93回 あと7回だ！紛失 x 火山 x 悪夢！スペシャル！","2021-07-06 20:00","2021-07-04","https://www.tsujileaks.com/?p=957","https://www.tsujileaks.com/media/are_210706_chochocho.mp3","http://www.tsujileaks.com/wp-content/uploads/th_ca_sp_crack-300x300.png"
92,"第92回 100回への道も1回から！スペシャル！","2021-06-21 20:00","2021-06-19","https://www.tsujileaks.com/?p=949","https://www.tsujileaks.com/media/are_210621_tsuyunobuhiro.mp3","http://www.tsujileaks.com/wp-content/uploads/hydrangea-300x300.jpg"
91,"第91回 100回まであと9回だ！スペシャル！","2021-06-14 20:00","2021-06-12","https://www.tsujileaks.com/?p=938","https://www.tsujileaks.com/media/are_210614_KANE-BO-KANE.mp3","http://www.tsujileaks.com/wp-content/uploads/Conti_S0575sophosReport-300x232.png"
90,"第90回 100回が見えてきたぜ！スペシャル！","2021-06-07 20:00","2021-06-05","https://www.tsujileaks.com/?p=932","https://www.tsujileaks.com/media/are_210607_nolicenseman.mp3","http://www.tsujileaks.com/wp-content/uploads/240px-BA-90.png"
89,"第89回 ナイモノネダリの折り合い！押し合いへし合いおしまい！スペシャル！","2021-05-31 20:00","2021-05-29","https://www.tsujileaks.com/?p=928","https://www.tsujileaks.com/media/are_210531_oniai.mp3","http://www.tsujileaks.com/wp-content/uploads/cftm-300x228.jpg"
88,"第88回 お値段以上のプライスレス！スペシャル！","2021-05-24 20:00","2021-05-22","https://www.tsujileaks.com/?p=921","https://www.tsujileaks.com/media/are_210524_soucedebut.mp3","http://www.tsujileaks.com/wp-content/uploads/fish_suketoudara-300x160.png"
87,"第87回 ニューノーマル発ニューノーマル行き！スペシャル！","2021-05-18 20:00","2021-05-16","https://www.tsujileaks.com/?p=915","https://www.tsujileaks.com/media/are_210518_iamyourfather.mp3","http://www.tsujileaks.com/wp-content/uploads/2089208-300x169.png"
86,"第86回 入口は色々！スペシャル！","2021-05-10 20:00","2021-05-08","https://www.tsujileaks.com/?p=901","https://www.tsujileaks.com/media/are_210510_M1N1.mp3","http://www.tsujileaks.com/wp-content/uploads/hacker-300x113.png"
85,"第85回 オレたちにゴールデンウィークはないぜ！スペシャル！","2021-05-03 20:00","2021-05-01","https://www.tsujileaks.com/?p=895","https://www.tsujileaks.com/media/are_210503_nogw.mp3","http://www.tsujileaks.com/wp-content/uploads/161952-300x300.png"
84,"第84回 禅と新オペからのモクシー語るネギシー！スペシャル！","2021-04-26 20:00","2021-04-24","https://www.tsujileaks.com/?p=892","https://www.tsujileaks.com/media/are_210426_signal.mp3","http://www.tsujileaks.com/wp-content/uploads/bag-300x200.jpg"
83,"第83回 まだまだステイホーム！話題の事件には触れません！スペシャル！","2021-04-19 20:00","2021-04-10","https://www.tsujileaks.com/?p=884","https://www.tsujileaks.com/media/are_210419_homestay.mp3","http://www.tsujileaks.com/wp-content/uploads/choju32_0033-300x200.png"
82,"第82回 YobiKeyが飛び火ぃ！公開範囲は全世界から丸見えだ！スペシャル！","2021-04-12 20:00","2021-04-10","https://www.tsujileaks.com/?p=875","https://www.tsujileaks.com/media/are_20210412_100YenLawsonHaJikyuuMo100YenNanodarouka.mp3","http://www.tsujileaks.com/wp-content/uploads/shinya-300x224.jpeg"
81,"第81回 新たなバラマキ？3月のランサム！偽キュリティ企業！スペシャル！","2021-04-05 20:00","2021-04-03","https://www.tsujileaks.com/?p=868","https://www.tsujileaks.com/media/are_210405_SQLiLink.mp3","http://www.tsujileaks.com/wp-content/uploads/publicdomainq-0009789aun-300x248.jpg"
80,"第80回 今回第80回だけにHTTP(s)周りの話だったのか？！スペシャル！","2021-03-29 20:00","1900-01-01","https://www.tsujileaks.com/?p=847","https://www.tsujileaks.com/media/are_210329_negicup.mp3","http://www.tsujileaks.com/wp-content/uploads/http-300x300.png"
79,"第79回 PiyoPiyoGO！Trickbotと比較！犯罪件数被害額レポート！スペシャル！","2021-03-22 20:00","1900-01-01","https://www.tsujileaks.com/?p=839","http://www.tsujileaks.com/media/are_20210321_hitok_uchi.mp3","http://www.tsujileaks.com/wp-content/uploads/exc-300x203.jpg"
78,"第78回 それぞれの年度末仕事納めでのびのびしてんのか？！スペシャル！","2021-03-15 20:00","1900-01-01","https://www.tsujileaks.com/?p=834","https://www.tsujileaks.com/media/are_20210315_shigotoosame.mp3","http://www.tsujileaks.com/wp-content/uploads/D0250816-93D0-499B-8797-5E3058CF3116-300x225.jpeg"
77,"第77回 編集長復活！今年初のブログとやう゛ぇえ脆弱性を何卒！スペシャル！","2021-03-08 20:00","1900-01-01","https://www.tsujileaks.com/?p=827","https://www.tsujileaks.com/media/are_20210308_dekafilebin.mp3","http://www.tsujileaks.com/wp-content/uploads/vuln-300x300.png"
76,"第76回 帯に短し、襷に長し！命短し、恋せよ〇〇！スペシャル！","2021-02-22 20:00","1900-01-01","https://www.tsujileaks.com/?p=821","https://www.tsujileaks.com/media/are_210222_inochimijikashikoiseyoN.mp3","http://www.tsujileaks.com/wp-content/uploads/obitasu-300x300.jpg"
75,"第75回 収録中に何度かトラブルがあったんです！スペシャル！","2021-02-15 20:00","1900-01-01","https://www.tsujileaks.com/?p=816","https://www.tsujileaks.com/media/are_210215_otawa.mp3","http://www.tsujileaks.com/wp-content/uploads/10e536b5a2ce2668522b9f06fc1813bc-300x300.png"
74,"第74回 ニュースウォッチ！VT！ランサム変化！スペシャル！","2021-02-08 20:00","1900-01-01","https://www.tsujileaks.com/?p=810","https://www.tsujileaks.com/media/are_20210208_cholestetoite.mp3","http://www.tsujileaks.com/wp-content/uploads/adpDSC_4874-750x500-1-300x200.jpg"
73,"第73回 乾杯！朗報！でも注意！根岸さんのところに攻撃が！？スペシャル！","2021-02-01 20:00","1900-01-01","https://www.tsujileaks.com/?p=804","https://www.tsujileaks.com/media/are_20210130_kiretyanaiyo.mp3","http://www.tsujileaks.com/wp-content/uploads/JUDO458A8478_TP_V4-300x200.jpg"
72,"第72回 新コーナー（今回限り?）あるでよ！スペシャル！","2021-01-25 20:00","1900-01-01","https://www.tsujileaks.com/?p=800","https://www.tsujileaks.com/media/are_210125_ryouleague.mp3","http://www.tsujileaks.com/wp-content/uploads/fukubu.jpg"
71,"第71回 修正パッチとADとゲスト！スペシャル！","2021-01-19 20:00","1900-01-01","https://www.tsujileaks.com/?p=793","https://www.tsujileaks.com/media/are_210119_GOUF.mp3","http://www.tsujileaks.com/wp-content/uploads/1635_3-213x300.png"
70,"第70回 明けまして！成人おめでとう！スペシャル！","2021-01-12 20:00","1900-01-01","https://www.tsujileaks.com/?p=785","https://www.tsujileaks.com/media/are_210112_USO.mp3","http://www.tsujileaks.com/wp-content/uploads/takoyaki-plate-300x250.png"
69,"第69回 一年ぶり三回目の室長スペシャル！","2020-12-28 20:00","2020-12-26","https://www.tsujileaks.com/?p=780","https://www.tsujileaks.com/media/are_201228_daibouken.mp3","http://www.tsujileaks.com/wp-content/uploads/DB88_hutottabu-15162519_TP_V4-220x300.jpg"
68,"第68回 ソロリソロリと2020年を振り返るぜ！スペシャル！","2020-12-21 20:00","2020-12-19","https://www.tsujileaks.com/?p=775","https://www.tsujileaks.com/media/are_201221_solorisolori.mp3","http://www.tsujileaks.com/wp-content/uploads/publicdomainq-0024540zhu-300x200.jpg"
67,"第67回 仕事納めた感の割に重めの話！スペシャル！","2020-12-14 20:00","2020-12-12","https://www.tsujileaks.com/?p=769","https://www.tsujileaks.com/media/are_201214_NPowerPiyoPower.mp3","http://www.tsujileaks.com/wp-content/uploads/snow-300x200.jpg"
66,"第66回 テック感から始まって脱暗号化Zipについて考えたぜ！スペシャル！","2020-12-07 20:00","2020-12-05","https://www.tsujileaks.com/?p=766","https://www.tsujileaks.com/media/are_201207_sitsuchohaarimasu.mp3","http://www.tsujileaks.com/wp-content/uploads/yobi-300x205.jpg"
65,"第65回 From USAとNoMore放置！スペシャル！","2020-11-30 20:00","2020-11-28","https://www.tsujileaks.com/?p=760","https://www.tsujileaks.com/media/are_201130_nomorehouti.mp3","http://www.tsujileaks.com/wp-content/uploads/cve-2018-13379_leak_country-300x189.png"
64,"第64回 いつもの三人でテック・ランサム・認証！スペシャル！","2020-11-24 20:00","2020-11-21","https://www.tsujileaks.com/?p=752","https://www.tsujileaks.com/media/are_201123_3nin.mp3","http://www.tsujileaks.com/wp-content/uploads/401184-300x300.png"
63,"第63回 ピースの足りないパズルのように僕らの対話は加速する！スペシャル！","2020-11-16 20:00","2020-11-14","https://www.tsujileaks.com/?p=745","https://www.tsujileaks.com/media/are_201116_piyohiro.mp3","http://www.tsujileaks.com/wp-content/uploads/3118066432-puzzle-693865_1920-4xxx-1920x1280-MM-100-300x200.jpg"
62,"第62回 IcedIDに無くならないスクリーニング！二年ぶりにブログ書いたぜ！スペシャル！","2020-11-09 20:00","2020-11-07","https://www.tsujileaks.com/?p=738","https://www.tsujileaks.com/media/are_201109_dendendedenden.mp3","http://www.tsujileaks.com/wp-content/uploads/03-300x169.png"
61,"第61回 伏線回収と変わり種注意喚起とちょっとだけ社会派！スペシャル！","2020-11-02 20:04","2020-10-31","https://www.tsujileaks.com/?p=730","https://www.tsujileaks.com/media/201102_are_liveshitemitai.mp3","http://www.tsujileaks.com/wp-content/uploads/pexels-photo-735418.jpeg"
60,"第60回 nanoネタから公職選挙法違反ネタまで！ガイド紹介もあるぜ！スペシャル！","2020-10-26 20:00","2020-10-24","https://www.tsujileaks.com/?p=720","https://www.tsujileaks.com/media/are_201025_injelly.mp3","http://www.tsujileaks.com/wp-content/uploads/kaihuu.jpg"
59,"第59回 雑談3割！おかわり偽給付金ととある勉強法とE2EEの話！スペシャル！","2020-10-19 20:00","2020-10-17","https://www.tsujileaks.com/?p=712","https://www.tsujileaks.com/media/are_201019_jandj.mp3","http://www.tsujileaks.com/wp-content/uploads/arm-300x198.jpg"
58,"第58回 トリプル！フィッシュ！ハイフン！スペシャル！","2020-10-05 20:00","1900-01-01","https://www.tsujileaks.com/?p=704","https://www.tsujileaks.com/media/are_201005_yazawa.mp3","http://www.tsujileaks.com/wp-content/uploads/e066_6-183x300.jpg"
57,"第57回 狐から玉葱！ヒドゥンからオニオン！川崎市の紙対応！スペシャル！","2020-09-28 18:00","1900-01-01","https://www.tsujileaks.com/?p=696","https://www.tsujileaks.com/media/are_200928_neushitoraburyu.mp3","http://www.tsujileaks.com/wp-content/uploads/are_200928-300x238.jpg"
56,"第56回 ゼ口とT信とサクソ！スペシャル！","2020-09-22 10:27","1900-01-01","https://www.tsujileaks.com/?p=687","https://www.tsujileaks.com/media/are_200922_kanchigai.mp3","http://www.tsujileaks.com/wp-content/uploads/are_209022-300x273.jpg"
55,"第55回 NICT砲強化！ニュースレター🎛食い！ドコモロ座！スペシャル！","2020-09-14 19:00","1900-01-01","https://www.tsujileaks.com/?p=676","https://www.tsujileaks.com/media/are_200914_tottoriken.mp3",""
54,"第54回 おいで夏の境界線！興味深いが過ぎたRDoSも再び！スペシャル！","2020-09-08 19:00","1900-01-01","https://www.tsujileaks.com/?p=672","https://www.tsujileaks.com/media/are_200906_emotot.mp3",""
53,"第53回 CVE-2019-11510と持ちかけ不正とセキューカンバー！スペシャル！","2020-08-31 20:00","1900-01-01","https://www.tsujileaks.com/?p=662","https://www.tsujileaks.com/media/are_200831_galgal.mp3",""
52,"第52回 海の向こうの標的型とキルスイッチ！このポッドキャストはTLP: Whiteです！スペシャル！","2020-08-23 17:00","1900-01-01","https://www.tsujileaks.com/?p=653","https://www.tsujileaks.com/media/are_200824_garake.mp3",""
51,"第51回 は？ほーん… なるほどっ！スペシャル！","2020-08-17 14:10","1900-01-01","https://www.tsujileaks.com/?p=648","https://www.tsujileaks.com/media/are_200817_kobo.mp3",""
50,"第50回  ランサムがありあまる！重工なお知らせ！51%！スペシャル！","2020-08-10 20:00","1900-01-01","https://www.tsujileaks.com/?p=642","https://www.tsujileaks.com/media/are_200809_ADIF.mp3",""
49,"第49回 継続ウォッチForever！フラッシュニュース！怖い話もあるよ！スペシャル！","2020-08-04 20:00","1900-01-01","https://www.tsujileaks.com/?p=632","https://www.tsujileaks.com/media/are_200804_zhif.mp3",""
48,"第48回 無理矢理！スペシャル！ feat. マジで、マジでw","2020-07-27 22:00","1900-01-01","https://www.tsujileaks.com/?p=629","https://www.tsujileaks.com/media/are_200727_zamz.mp3",""
47,"第47回 シグナルミラクル！標的型偽転居！ スペシャル！","2020-07-20 20:00","1900-01-01","https://www.tsujileaks.com/?p=625","https://www.tsujileaks.com/media/are_200720_kori.mp3",""
46,"第46回 テック系の入り口！えーっきしっっっ！！ スペシャル！","2020-07-13 20:00","1900-01-01","https://www.tsujileaks.com/?p=621","https://www.tsujileaks.com/media/are_200713_gggh.mp3",""
45,"第45回 うまくいく秘訣は完璧を目指さない！何も足さない！何も引かない！スペシャル！","2020-07-06 12:00","1900-01-01","https://www.tsujileaks.com/?p=618","https://www.tsujileaks.com/media/are_200706_aase.mp3",""
44,"第44回 自己記録更新だ！！！スペシャル！","2020-06-29 20:04","1900-01-01","https://www.tsujileaks.com/?p=616","http://www.tsujileaks.com/media/are_200629_pppa.mp3",""
43,"第43回 COCOA！DDOS！EXCEL！ちばしがさが！スペシャル！","2020-06-21 19:57","1900-01-01","https://www.tsujileaks.com/?p=611","http://www.tsujileaks.com/media/are_200621_allll.mp3",""
42,"第42回 透明性を考えるNEGIZINE！アバドンもあるよ！スペシャル！","2020-06-14 20:00","1900-01-01","https://www.tsujileaks.com/?p=608","http://www.tsujileaks.com/media/are_200614_djakljd.mp3",""
41,"第41回 訳あって2週間ぶり！テック系ポッドキャストTor！？スペシャル！","2020-06-08 20:00","1900-01-01","https://www.tsujileaks.com/?p=605","http://www.tsujileaks.com/media/are_200608_kuhjis.mp3",""
40,"第40回 毎日がエブリデイ！ある意味毎回室長！スペシャル！","2020-05-25 20:00","1900-01-01","https://www.tsujileaks.com/?p=602","http://www.tsujileaks.com/media/are_200525_aja.mp3",""
39,"第39回 3s3s！3密3密！スペシャル","2020-05-18 20:00","1900-01-01","https://www.tsujileaks.com/?p=599","http://www.tsujileaks.com/media/are_0518_cccc.mp3",""
38,"第38回 今回は3人！病み上がりだけど元気にお届け！スペシャル","2020-05-11 20:00","1900-01-01","https://www.tsujileaks.com/?p=594","http://www.tsujileaks.com/media/are_0511_0511.mp3",""
37,"第37回 1人欠席！自作PCネタから始まるよ！スペシャル","2020-05-03 20:00","1900-01-01","https://www.tsujileaks.com/?p=589","http://www.tsujileaks.com/media/are_0503_twww.mp3",""
36,"第36回 小ネタ盛りだくさん！Home From Homeを目指して！スペシャル","2020-04-26 20:00","1900-01-01","https://www.tsujileaks.com/?p=584","http://www.tsujileaks.com/media/are_0426_defl.mp3",""
35,"第35回 頻度上げてくぜ！外に出られなくても気分も上げてくぜ！スペシャル","2020-04-19 20:00","1900-01-01","https://www.tsujileaks.com/?p=580","http://www.tsujileaks.com/media/are_200420_3177.mp3",""
34,"第34回 初リモート収録！Stay at Home！スペシャル","2020-04-07 20:00","1900-01-01","https://www.tsujileaks.com/?p=576","http://www.tsujileaks.com/media/are_0406_12kjsa.m4a",""
33,"第33回 タイトル付けるのに困るほどおもろかったぞ！スペシャル","2020-03-06 17:40","1900-01-01","https://www.tsujileaks.com/?p=570","http://www.tsujileaks.com/media/are_200306_azxcv.mp3",""
32,"第32回 本島？ほんとに！？ねずみ年だぜ！スペシャル","2020-02-05 13:04","1900-01-01","https://www.tsujileaks.com/?p=566","http://www.tsujileaks.com/media/200205_kikiki.mp3",""
31,"第31回 帰ってきた室長！スペシャル","2019-12-31 14:38","1900-01-01","https://www.tsujileaks.com/?p=563","http://www.tsujileaks.com/media/are_191231_bvbv.mp3",""
30,"第30回 良いお年を！はまだ言わないぜ！スペシャル","2019-12-29 17:14","1900-01-01","https://www.tsujileaks.com/?p=561","http://www.tsujileaks.com/media/are_191229_1603.mp3",""
29,"第29回 新たなDDoSトレンド！ヤバさを増したEmotet？！18億円欲しいぞ！スペシャル","2019-11-12 20:32","1900-01-01","https://www.tsujileaks.com/?p=556","https://www.tsujileaks.com/media/are_191112_codebbb.mp3",""
28,"第28回 壺割りウォーキン！ランサム愛とエラスティックサーチと時々DoH！！！ スペシャル","2019-09-30 21:58","1900-01-01","https://www.tsujileaks.com/?p=553","http://www.tsujileaks.com/media/are_190930_dqw9.mp3",""
27,"第27回 時代は移りゆく！セキュリティに興味を持っていこう！！！ スペシャル","2019-09-09 13:09","1900-01-01","https://www.tsujileaks.com/?p=539","http://www.tsujileaks.com/media/are_190909_hijq.mp3",""
26,"第26回 熱中症を吹き飛ばせ！大阪でリサーチャーズナイトしてきたぜ！ スペシャル","2019-08-08 21:00","1900-01-01","https://www.tsujileaks.com/?p=535","http://www.tsujileaks.com/media/are_190807_poke.mp3",""
25,"第25回  GW2019！令和！世界パスワードデイって知ってた？ スペシャル","2019-05-08 08:30","1900-01-01","https://www.tsujileaks.com/?p=531","http://www.tsujileaks.com/media/are_190508_xxxl.mp3",""
24,"第24回  3人揃うと安定感が増すのかも！ スペシャル （後編）","2019-04-07 21:11","1900-01-01","https://www.tsujileaks.com/?p=528","http://www.tsujileaks.com/media/are_190408_2bbb.mp3",""
24,"第24回  3人揃うと安定感が増すのかも！ スペシャル （前編）","2019-04-07 21:08","1900-01-01","https://www.tsujileaks.com/?p=526","http://www.tsujileaks.com/media/are_190408_1aaa.mp3",""
23,"第23回 piyo辻だけでお届けだ！セキュリティ月間ひっそり終わってたやん！ スペシャル","2019-03-24 19:00","1900-01-01","https://www.tsujileaks.com/?p=523","http://www.tsujileaks.com/media/are_190325_1gas.mp3",""
22,"第22回 318セキュリティ月間だ！ スペシャル","2019-02-16 23:34","1900-01-01","https://www.tsujileaks.com/?p=518","http://tsujileaks.com/media/are_190217_xsd.m4a",""
21,"第21回 あけおめ！ランサム！DDoS！艦Collection #1 スペシャル！","2019-01-24 01:36","1900-01-01","https://www.tsujileaks.com/?p=515","http://www.tsujileaks.com/media/are_190124_zxcoo.mp3",""
20,"第20回 室長スペシャル！","2018-12-30 11:04","1900-01-01","https://www.tsujileaks.com/?p=510","http://www.tsujileaks.com/media/are181228_djjaljda.mp3",""
19,"第19回 ポッドキャストを19回しただけなのに スペシャル","2018-12-18 16:12","1900-01-01","https://www.tsujileaks.com/?p=507","http://www.tsujileaks.com/media/are181217_987b.mp3",""
18,"第18回 ポッドキャストを18回しただけなのに スペシャル","2018-11-02 01:54","1900-01-01","https://www.tsujileaks.com/?p=503","http://www.tsujileaks.com/media/are_181102_taitai.m4a",""
17,"第17回 スクープ！スクープ！16億！スペシャル","2018-09-21 10:29","1900-01-01","https://www.tsujileaks.com/?p=498","http://www.tsujileaks.com/media/are_180918_ujh4.m4a",""
16,"第16回 STOP！提供元不明インストール！！スペシャル","2018-08-05 21:32","1900-01-01","https://www.tsujileaks.com/?p=495","http://www.tsujileaks.com/media/are_180803_akjdu.m4a",""
15,"第15回 リスト型攻撃はなくなってないんだ！スペシャル","2018-06-26 23:33","1900-01-01","https://www.tsujileaks.com/?p=491","http://tsujileaks.com/media/are_180626_jnbh.m4a",""
14,"第14回 カレーを食べながらSP 800-63B From USAだ！スペシャル","2018-05-23 19:53","1900-01-01","https://www.tsujileaks.com/?p=488","http://tsujileaks.com/media/are180520_jdajy.m4a",""
13,"第13回 雑談しすぎの定期変更強制しない！スペシャル","2018-04-19 00:30","1900-01-01","https://www.tsujileaks.com/?p=484","http://www.tsujileaks.com/media/are_180413_vbn.m4a",""
12,"第12回 都内某所からDDoSウォッチへの愛が止まらない！スペシャル","2018-03-05 12:39","1900-01-01","https://www.tsujileaks.com/?p=480","http://www.tsujileaks.com/media/are180305_pptp.mp3",""
11,"第11回 「ビジネスメール詐欺」詐欺に気をつけろ！スペシャル","2017-12-31 02:11","1900-01-01","https://www.tsujileaks.com/?p=474","http://tsujileaks.com/media/are171228_1543.mp3",""
10,"第10回 マイニングとエストニアの話をしたよ！スペシャル","2017-10-30 03:12","1900-01-01","https://www.tsujileaks.com/?p=469","http://tsujileaks.com/media/are_171030_zxcvf.mp3",""
9,"第9回 DDoSがありあまる！スペシャル","2017-09-28 01:58","1900-01-01","https://www.tsujileaks.com/?p=465","http://www.tsujileaks.com/media/are_170926_1620bbb.mp3",""
8,"第8回 これもこの後も本番なんだぜ！スペシャル","2017-08-30 22:43","1900-01-01","https://www.tsujileaks.com/?p=460","http://www.tsujileaks.com/media/are_170830_1500.mp3",""
7,"第7回分の雑談やで！","2017-08-06 20:55","1900-01-01","https://www.tsujileaks.com/?p=457","http://www.tsujileaks.com/media/are_170803_ppz.mp3",""
7,"第7回 ランサムがありあまるっ♪スペシャル","2017-08-03 13:17","1900-01-01","https://www.tsujileaks.com/?p=455","http://www.tsujileaks.com/media/are_170803_ppapt.mp3",""
6,"第6回分の雑談だ！","2017-07-19 03:52","1900-01-01","https://www.tsujileaks.com/?p=450","http://www.tsujileaks.com/media/are_170720_zzz.mp3",""
6,"第6回 40人キャパの部屋で振り返れば2人がいる！スペシャル","2017-07-19 02:37","1900-01-01","https://www.tsujileaks.com/?p=448","http://www.tsujileaks.com/media/are_170719_two_z.mp3",""
5,"第5回 緊急特番的な感じでペチャクチャやろうぜ！スペシャル","2017-07-01 00:24","1900-01-01","https://www.tsujileaks.com/?p=445","http://tsujileaks.com/media/are_170701_b.mp3",""
4,"第4回 表彰されておめでたいので今回はなんだか人が多いよ！スペシャル","2017-06-29 13:15","1900-01-01","https://www.tsujileaks.com/?p=441","http://tsujileaks.com/media/are_170628_z.mp3",""
3,"第3回 人材育成にエモく語るボクたちにはキルスイッチはないぜ！スペシャル","2017-05-29 22:00","1900-01-01","https://www.tsujileaks.com/?p=435","http://www.tsujileaks.com/media/are_170529.mp3",""
2,"第2回 今週末はリサーチャーズナイトだよ！Don’t Wanna Cry！スペシャル","2017-05-23 22:05","1900-01-01","https://www.tsujileaks.com/?p=431","http://tsujileaks.com/media/are_170523.mp3",""
1,"第1回 動画のアレからポッドキャストのアレに帰ってきたよ！スペシャル","2017-04-23 23:08","1900-01-01","https://www.tsujileaks.com/?p=426","http://tsujileaks.com/media/are_170423.mp3",""
26,"第26回 空けましておめでとう！スペシャル 後編","2015-03-30 10:28","1900-01-01","https://www.tsujileaks.com/?p=400","http://www.tsujileaks.com/media/tsujileaks_201503_2.m4a",""
25,"第25回 空けましておめでとう！スペシャル 前編","2015-03-25 16:05","1900-01-01","https://www.tsujileaks.com/?p=395","http://www.tsujileaks.com/media/tsujileaks_201503_1.m4a",""
24,"第24回 ボクたちの戦いは始まったばかりだ！スペシャル","2014-09-24 23:32","1900-01-01","https://www.tsujileaks.com/?p=381","http://www.tsujileaks.com/media/tsujileaks24.m4a",""
23,"第23回 二週続けて！毎回がスペシャルかね？スペシャル","2014-08-12 23:24","1900-01-01","https://www.tsujileaks.com/?p=372","http://www.tsujileaks.com/media/tsujileaks_0811.m4a",""
22,"第22回 人が集まったので収録したよ！スペシャル","2014-08-10 22:48","1900-01-01","https://www.tsujileaks.com/?p=367","http://www.tsujileaks.com/media/tsujileaks_0804.m4a",""
21,"第21回 とりあえず聞いてよっ！奥さんっ！スペシャル","2014-05-12 08:11","1900-01-01","https://www.tsujileaks.com/?p=348","http://www.tsujileaks.com/media/tsujileaks0509.m4a",""
20,"第20回 ありがとう！XP！お疲れさま！XP！スペシャル","2014-04-14 23:11","1900-01-01","https://www.tsujileaks.com/?p=344","http://www.tsujileaks.com/media/tsujileaks0409.m4a",""
19,"第19回 大阪より愛を込めて。あけましておめでとうスペシャル","2014-03-04 14:49","1900-01-01","https://www.tsujileaks.com/?p=339","http://www.tsujileaks.com/media/tsujileaks_0304.m4a",""
18,"第18回 本当によいお年を！質問がきたので話題にしたよ！ スペシャル","2013-12-23 20:42","1900-01-01","https://www.tsujileaks.com/?p=333","http://www.tsujileaks.com/media/tsujileaks20131223.m4a",""
17,"第17回 もうパスワードの定期変更言うななんて言わないよ絶対！！スペシャル","2013-10-28 09:45","1900-01-01","https://www.tsujileaks.com/?p=329","http://www.tsujileaks.com/media/tsujileaks201310.m4a",""
16,"第16回 しゃっくりが止まらない！スペシャル","2013-07-07 19:37","1900-01-01","https://www.tsujileaks.com/?p=315","http://www.tsujileaks.com/media/tsujileaks16.m4a",""
15,"第15回 収録して公開までのデモしたよ！ スペシャル","2013-04-24 21:42","1900-01-01","https://www.tsujileaks.com/?p=309","http://www.tsujileaks.com/media/tsujileaks_15.m4a",""
14,"第14回 目まぐるしいけど各々頑張ってるよ！スペシャル","2013-04-07 23:58","1900-01-01","https://www.tsujileaks.com/?p=300","http://www.tsujileaks.com/media/tsujileaks14.m4a",""
13,"第13回 勢いにまかせて急遽収録が開始されたよ！スペシャル","2013-02-13 21:39","1900-01-01","https://www.tsujileaks.com/?p=281","http://www.tsujileaks.com/media/tsujileaks_special.m4a",""
12,"第12回 みんなが幸せになる嘘！スペシャル","2013-02-05 22:57","1900-01-01","https://www.tsujileaks.com/?p=266","http://www.tsujileaks.com/media/tsujileaks201302.m4a",""
11,"第11回 メリー ナノリマス！スペシャル","2012-12-24 23:01","1900-01-01","https://www.tsujileaks.com/?p=223","http://www.tsujileaks.com/media/tsujileaks11.m4a","http://www.tsujileaks.com/wp-content/uploads/merry_nanorymous01-1-300x300.jpg"
10,"第10回 風邪？花粉症？豚草なのか？えーくしっ！スペシャル","2012-10-23 21:38","1900-01-01","https://www.tsujileaks.com/?p=204","http://www.tsujileaks.com/media/tsujileaks10.m4a","http://www.tsujileaks.com/wp-content/uploads/galert-300x116.png"
9,"第9回 短い間隔でノーアイデアだスペシャル","2012-09-03 23:00","1900-01-01","https://www.tsujileaks.com/?p=196","http://www.tsujileaks.com/media/tsujileaks9.m4a",""
8,"第8回 初めてのオフライン収録！初めてのゲスト！しかも女性！スペシャル","2012-08-12 22:56","1900-01-01","https://www.tsujileaks.com/?p=174","http://tsujileaks.com/media/tsujileaks8.m4a",""
7,"第7回 セキュリティに関係のある話をできるだけしようスペシャル。","2012-07-28 17:13","1900-01-01","https://www.tsujileaks.com/?p=162","http://tsujileaks.com/media/tsujileaks7.m4a",""
6,"第6回 色々あるけど楽にいこうぜ！スペシャル","2012-05-14 13:18","1900-01-01","https://www.tsujileaks.com/?p=152","http://www.tsujileaks.com/media/tsujileaks06.m4a",""
5,"第5回 チョコレートは数ではない！量より質だ！スペシャル","2012-02-20 22:30","1900-01-01","https://www.tsujileaks.com/?p=131","http://www.tsujileaks.com/media/tsujileaks05.m4a",""
4,"第4回 うかうかしてたら冬が始まるよスペシャル","2011-12-03 21:52","1900-01-01","https://www.tsujileaks.com/?p=114","http://www.tsujileaks.com/media/tsujileaks04.m4a",""
3,"第3回 成り行きでこのポッドキャストのタイトルが決まりましたスペシャル","2011-07-05 23:40","1900-01-01","https://www.tsujileaks.com/?p=73","http://tsujileaks.com/media/tsujileaks03.m4a",""
2,"第2回 「自粛」は自粛させていただきますスペシャル","2011-04-10 22:38","1900-01-01","https://www.tsujileaks.com/?p=41","http://www.tsujileaks.com/media/tsujileaks02.m4a","http://www.tsujileaks.com/wp-content/uploads/mtakeshi-300x254.png"
1,"第1回 タイトルも決まってないけどとりあえず始めましたスペシャル","2011-02-21 01:46","1900-01-01","https://www.tsujileaks.com/?p=10","http://www.tsujileaks.com/media/security01.m4a",""
